Price,Reviews,Rating,Brand,Operating System,CPU manufacturer,Screen size,Computer memory size,Processor count,Graphics Chipset Brand,Series,CPU model,Colour,Hard disk size,Resolution,Item weight,Form Factor,Hard disk description,Operating system,Graphics processor manufacturer,Model name,RAM memory technology,Hard disk interface,CPU speed,Form factor,Wireless communication technology,Human interface input,Connectivity Type,Graphics co-processor,Battery cell composition,Item dimensions L x W x H,Cellular technology,Other camera features,Software included,Wireless communication standard
£667.69,218 ratings,4.6 out of 5 stars,HUAWEI,Windows 10 Home,Intel,13 Inches,8 GB,8,NVIDIA,Matebook 13 2020,Core i5-10210U,Grey,NaN,NaN,NaN,NaN,NaN,NaN,NaN,NaN,NaN,NaN,NaN,NaN,NaN,NaN,NaN,NaN,NaN,NaN,NaN,NaN,NaN,NaN
£399.99,98 ratings,3.8 out of 5 stars,TECLAST,Windows 10,Intel Celeron Processor N4100,11.6 Inches,8 GB,4,Intel,F5,Celeron N,NaN,256 GB,NaN,NaN,NaN,NaN,NaN,NaN,NaN,NaN,NaN,NaN,NaN,NaN,NaN,NaN,NaN,NaN,NaN,NaN,NaN,NaN,NaN
£228.99,"2,586 ratings",4.0 out of 5 stars,ASUS,Windows 10 Home,Intel,14,4 GB,2,Intel,ASUS L410 MA,Celeron,NaN,64 GB,NaN,NaN,NaN,NaN,NaN,NaN,NaN,NaN,NaN,NaN,NaN,NaN,NaN,NaN,NaN,NaN,NaN,NaN,NaN,NaN,NaN
£499.00,40 ratings,4.5 out of 5 stars,Dell,Windows 10,AMD,15.6 Inches,8 GB,1,AMD,Dell Inspiron 15 3505,Ryzen 5 3500U,NaN,256 GB,NaN,NaN,NaN,NaN,NaN,NaN,NaN,NaN,NaN,NaN,NaN,NaN,NaN,NaN,NaN,NaN,NaN,NaN,NaN,NaN,NaN
£229.49,715 ratings,4.2 out of 5 stars,Jumper,Windows 10,Intel,13.3 Inches,4 GB,2,Intel,Ezbook X3 464office,Celeron N3350,NaN,64 GB,NaN,NaN,NaN,NaN,NaN,NaN,NaN,NaN,NaN,NaN,NaN,NaN,NaN,NaN,NaN,NaN,NaN,NaN,NaN,NaN,NaN
£239.00,285 ratings,4.1 out of 5 stars,LincPlus,Windows,Intel,14 Inches,4 GB,2,Intel,LincPlus p3,Celeron N3350,NaN,64 GB,NaN,NaN,NaN,NaN,NaN,NaN,NaN,NaN,NaN,NaN,NaN,NaN,NaN,NaN,NaN,NaN,NaN,NaN,NaN,NaN,NaN
£669.00,97 ratings,4.6 out of 5 stars,Microsoft,Windows 10 S,Intel,12.45 Inches,8 GB,4,Intel,THH-00004,Core i5-1035G1,Silver,NaN,NaN,NaN,NaN,NaN,NaN,NaN,NaN,NaN,NaN,NaN,NaN,NaN,NaN,NaN,NaN,NaN,NaN,NaN,NaN,NaN,NaN
£159.95,215 ratings,4.5 out of 5 stars,Simbans,Android 10,MediaTek,10.1 Inches,4 GB,4,NaN,NaN,ARM710,Black,64 GB,1280 x 720,NaN,NaN,NaN,NaN,NaN,NaN,NaN,NaN,NaN,NaN,NaN,NaN,NaN,NaN,NaN,NaN,NaN,NaN,NaN,NaN
£382.20,470 ratings,4.3 out of 5 stars,Lenovo,Windows 10 Pro,Intel,14.1 Inches,8 GB,2,Intel,NaN,Core i5,NaN,240 GB,1280 x 720,NaN,NaN,NaN,NaN,NaN,NaN,NaN,NaN,NaN,NaN,NaN,NaN,NaN,NaN,NaN,NaN,NaN,NaN,NaN,NaN
£599.00,"2,209 ratings",4.7 out of 5 stars,HUAWEI,Windows 10 Home,AMD,15.6 Inches,8 GB,1,AMD,HUAWEI MateBook D 15,Ryzen 5 3500U,NaN,256 GB,NaN,NaN,NaN,NaN,NaN,NaN,NaN,NaN,NaN,NaN,NaN,NaN,NaN,NaN,NaN,NaN,NaN,NaN,NaN,NaN,NaN
£419.99,11 ratings,4.2 out of 5 stars,TECLAST,Windows 10,Intel,14.1 Inches,8 GB,4,Intel,NaN,Celeron,NaN,256 GB,1920 x 1080,NaN,NaN,NaN,NaN,NaN,NaN,NaN,NaN,NaN,NaN,NaN,NaN,NaN,NaN,NaN,NaN,NaN,NaN,NaN,NaN
£499.99,68 ratings,4.6 out of 5 stars,ASUS,Windows 10 Home,AMD,17.3 Inches,8 GB,2,AMD,VivoBook 17,Ryzen 3 3250U,NaN,1 TB,NaN,NaN,NaN,NaN,NaN,NaN,NaN,NaN,NaN,NaN,NaN,NaN,NaN,NaN,NaN,NaN,NaN,NaN,NaN,NaN,NaN
£549.00,16 ratings,4.4 out of 5 stars,Lenovo,Windows 10 S,Intel,15.6 Inches,8 GB,4,Intel,IdeaPad 5 15IIL05,Core i5 Family,NaN,256 GB,NaN,NaN,NaN,NaN,NaN,NaN,NaN,NaN,NaN,NaN,NaN,NaN,NaN,NaN,NaN,NaN,NaN,NaN,NaN,NaN,NaN
£899.99,59 ratings,4.6 out of 5 stars,HP,Windows 10,AMD,15.6 Inches,8 GB,4,NVIDIA,HP Pavilion Gaming 15-ec1006sa/15-ec1006na,AMD Ryzen 7,NaN,512 GB,NaN,NaN,NaN,NaN,NaN,NaN,NaN,NaN,NaN,NaN,NaN,NaN,NaN,NaN,NaN,NaN,NaN,NaN,NaN,NaN,NaN
£349.99,51 ratings,4.2 out of 5 stars,Acer,Windows 10 S,AMD,15.6,4 GB,2,AMD,Aspire 3 A315-23,Ryzen 3 3250U,NaN,NaN,1920 x 1080,NaN,NaN,NaN,NaN,NaN,NaN,NaN,NaN,NaN,NaN,NaN,NaN,NaN,NaN,NaN,NaN,NaN,NaN,NaN,NaN
£368.00,10 ratings,4.7 out of 5 stars,XINYANGCH,Windows 10 Home,Intel,15.6 Inches,6 GB,4,Intel,NaN,Celeron,NaN,256 GB,1920 x 1080,NaN,NaN,NaN,NaN,NaN,NaN,NaN,NaN,NaN,NaN,NaN,NaN,NaN,NaN,NaN,NaN,NaN,NaN,NaN,NaN
£249.95,14 ratings,4.5 out of 5 stars,Lenovo,Windows 10 S,AMD,11.6 Inches,4 GB,2,AMD,Lenovo IdeaPad 1 11inch,AMD FX,NaN,NaN,1280 x 720,NaN,NaN,NaN,NaN,NaN,NaN,NaN,NaN,NaN,NaN,NaN,NaN,NaN,NaN,NaN,NaN,NaN,NaN,NaN,NaN
£649.99,317 ratings,4.4 out of 5 stars,Acer,Windows 10,Intel,15.6 Inches,8 GB,1,Intel,Aspire 5,Core i5,NaN,NaN,1920 x 1080,NaN,NaN,NaN,NaN,NaN,NaN,NaN,NaN,NaN,NaN,NaN,NaN,NaN,NaN,NaN,NaN,NaN,NaN,NaN,NaN
£259.99,145 ratings,4.1 out of 5 stars,LincPlus,Windows 10 Home,Intel,14 Inches,4 GB,2,Intel,LincPlus P2-UK,Celeron,NaN,64 GB,NaN,NaN,NaN,NaN,NaN,NaN,NaN,NaN,NaN,NaN,NaN,NaN,NaN,NaN,NaN,NaN,NaN,NaN,NaN,NaN,NaN
£667.69,218 ratings,4.6 out of 5 stars,HUAWEI,Windows 10 Home,Intel,13 Inches,8 GB,8,NVIDIA,Matebook 13 2020,Core i5-10210U,Grey,NaN,NaN,NaN,NaN,NaN,NaN,NaN,NaN,NaN,NaN,NaN,NaN,NaN,NaN,NaN,NaN,NaN,NaN,NaN,NaN,NaN,NaN
£318.99,5 ratings,3.4 out of 5 stars,Huashetrade,Windows 10 Pro,Intel,15.6 Inches,8 GB,4,Intel,NaN,Celeron G1610T,Silver,256 GB,NaN,NaN,NaN,NaN,NaN,NaN,NaN,NaN,NaN,NaN,NaN,NaN,NaN,NaN,NaN,NaN,NaN,NaN,NaN,NaN,NaN
£259.95,247 ratings,4.2 out of 5 stars,Fusion5,Windows 10 Pro,Intel,14.1 Inches,4 GB,2,NaN,S14+,Celeron N3350,NaN,64 GB,1920 x 1080,NaN,NaN,NaN,NaN,NaN,NaN,NaN,NaN,NaN,NaN,NaN,NaN,NaN,NaN,NaN,NaN,NaN,NaN,NaN,NaN
£349.00,459 ratings,3.9 out of 5 stars,CHUWI,Windows 10 Home,Intel,14.1 Inches,8 GB,2,Intel,NaN,Celeron,NaN,256 GB,1920 x 1080,NaN,NaN,NaN,NaN,NaN,NaN,NaN,NaN,NaN,NaN,NaN,NaN,NaN,NaN,NaN,NaN,NaN,NaN,NaN,NaN
£159.99,295 ratings,3.7 out of 5 stars,Samsung,Chrome OS,Intel,11.6 Inches,2 GB,2,NaN,NaN,NaN,NaN,16 GB,NaN,2.43 Pounds,Chromebook,Hdd,NaN,NaN,NaN,NaN,NaN,NaN,NaN,NaN,NaN,NaN,NaN,NaN,NaN,NaN,NaN,NaN,NaN
£199.00,0,NaN,GEO,Windows 10 S,Intel,11.6 Inches,4 GB,2,Intel,GeoFlex 110,Celeron N4020,NaN,64 GB,NaN,NaN,NaN,NaN,NaN,NaN,NaN,NaN,NaN,NaN,NaN,NaN,NaN,NaN,NaN,NaN,NaN,NaN,NaN,NaN,NaN
£299.99,319 ratings,4.4 out of 5 stars,Jumper,Windows 10 Home,Intel,11.6 Inches,4 GB,4,NaN,NaN,Celeron,"Grey, 4GB",64 GB,1920 x 1080,NaN,NaN,NaN,NaN,NaN,NaN,NaN,NaN,NaN,NaN,NaN,NaN,NaN,NaN,NaN,NaN,NaN,NaN,NaN,NaN
£399.99,98 ratings,3.8 out of 5 stars,TECLAST,Windows 10,Intel Celeron Processor N4100,11.6 Inches,8 GB,4,Intel,F5,Celeron N,NaN,256 GB,NaN,NaN,NaN,NaN,NaN,NaN,NaN,NaN,NaN,NaN,NaN,NaN,NaN,NaN,NaN,NaN,NaN,NaN,NaN,NaN,NaN
£399.99,212 ratings,3.8 out of 5 stars,TECLAST,Windows 10,Intel,14.1 Inches,8 GB,4,Intel,F7 Plus,Celeron N,NaN,256 GB,NaN,NaN,NaN,NaN,NaN,NaN,NaN,NaN,NaN,NaN,NaN,NaN,NaN,NaN,NaN,NaN,NaN,NaN,NaN,NaN,NaN
£184.99,22 ratings,4.6 out of 5 stars,Lenovo,Chrome OS,Intel,11.6 Inches,4 GB,2,Intel,IdeaPad 3 CB 11IGL05,Celeron,NaN,32 GB,NaN,NaN,NaN,NaN,NaN,NaN,NaN,NaN,NaN,NaN,NaN,NaN,NaN,NaN,NaN,NaN,NaN,NaN,NaN,NaN,NaN
£399.00,72 ratings,4.0 out of 5 stars,Lenovo,Windows 10 S,Intel,17.3 Inches,4 GB,2,Intel,NB IP 3i 17inch,Pentium,NaN,1 TB,NaN,NaN,NaN,NaN,NaN,NaN,NaN,NaN,NaN,NaN,NaN,NaN,NaN,NaN,NaN,NaN,NaN,NaN,NaN,NaN,NaN
£199.99,731 ratings,4.2 out of 5 stars,IOTA,Windows 10 Home,Intel,11.6 Inches,4 GB,2,Intel,Flex 110,Celeron N4020,NaN,NaN,720p,NaN,NaN,NaN,NaN,NaN,NaN,NaN,NaN,NaN,NaN,NaN,NaN,NaN,NaN,NaN,NaN,NaN,NaN,NaN,NaN
£979.37,573 ratings,4.8 out of 5 stars,Apple,NaN,Apple,13.3 Inches,8 GB,8,NaN,NaN,Intel Core i5,NaN,NaN,2560 x 1600,NaN,NaN,NaN,MacOS Big Sur,Apple,MacBook Air,NaN,NaN,NaN,NaN,NaN,NaN,NaN,NaN,NaN,NaN,NaN,NaN,NaN,NaN
£385.00,691 ratings,4.1 out of 5 stars,HP,Windows 10 Pro,Intel,14 Inches,8 GB,1,Intel,840 G1,Intel Core i5,NaN,256 GB,NaN,NaN,NaN,NaN,NaN,NaN,NaN,NaN,NaN,NaN,NaN,NaN,NaN,NaN,NaN,NaN,NaN,NaN,NaN,NaN,NaN
"£1,189.00",664 ratings,4.7 out of 5 stars,Apple,NaN,Apple,13.3 Inches,8 GB,8,NaN,NaN,Intel Core i5,NaN,NaN,2560x1600,NaN,NaN,NaN,MacOS Big Sur,Apple,MacBook Pro,NaN,NaN,NaN,NaN,NaN,NaN,NaN,NaN,NaN,NaN,NaN,NaN,NaN,NaN
£259.99,380 ratings,4.5 out of 5 stars,Acer,Chrome OS,Intel,14 Inches,4 GB,1,Intel,Acer Chromebook 314,Celeron,NaN,64 GB,NaN,NaN,NaN,NaN,NaN,NaN,NaN,NaN,NaN,NaN,NaN,NaN,NaN,NaN,NaN,NaN,NaN,NaN,NaN,NaN,NaN
£419.99,11 ratings,4.1 out of 5 stars,TECLAST,Windows 10,Intel,14.1 Inches,8 GB,4,Intel,NaN,Celeron,NaN,256 GB,1920 x 1080,NaN,NaN,NaN,NaN,NaN,NaN,NaN,NaN,NaN,NaN,NaN,NaN,NaN,NaN,NaN,NaN,NaN,NaN,NaN,NaN
£368.00,10 ratings,3.6 out of 5 stars,XINYANGCH,Windows 10 Home,Intel,15.6 Inches,6 GB,4,Intel,NaN,Celeron,NaN,256 GB,1920 x 1080,NaN,NaN,NaN,NaN,NaN,NaN,NaN,NaN,NaN,NaN,NaN,NaN,NaN,NaN,NaN,NaN,NaN,NaN,NaN,NaN
£667.69,218 ratings,4.6 out of 5 stars,HUAWEI,Windows 10 Home,Intel,13 Inches,8 GB,8,NVIDIA,Matebook 13 2020,Core i5-10210U,Grey,NaN,NaN,NaN,NaN,NaN,NaN,NaN,NaN,NaN,NaN,NaN,NaN,NaN,NaN,NaN,NaN,NaN,NaN,NaN,NaN,NaN,NaN
£318.99,5 ratings,4.3 out of 5 stars,Huashetrade,Windows 10 Pro,Intel,15.6 Inches,8 GB,4,Intel,NaN,Celeron G1610T,Silver,256 GB,NaN,NaN,NaN,NaN,NaN,NaN,NaN,NaN,NaN,NaN,NaN,NaN,NaN,NaN,NaN,NaN,NaN,NaN,NaN,NaN,NaN
£989.99,81 ratings,4.4 out of 5 stars,ASUS,Windows 10 Home,Intel,14 Inches,16 GB,4,Intel,ZenBook 14,Core i7,NaN,NaN,1920 x 1080,NaN,NaN,NaN,NaN,NaN,NaN,NaN,NaN,NaN,NaN,NaN,NaN,NaN,NaN,NaN,NaN,NaN,NaN,NaN,NaN
£949.99,105 ratings,4.4 out of 5 stars,ASUS,Windows 10,AMD,15.6 Inches,8 GB,8,NVIDIA,TUF Gaming A15,Ryzen 7 4800H,15.6 Inch 144Hz,NaN,NaN,NaN,NaN,NaN,NaN,NaN,NaN,NaN,NaN,NaN,NaN,NaN,NaN,NaN,NaN,NaN,NaN,NaN,NaN,NaN,NaN
£239.00,285 ratings,4.1 out of 5 stars,LincPlus,Windows,Intel,14 Inches,4 GB,2,Intel,LincPlus p3,Celeron N3350,NaN,64 GB,NaN,NaN,NaN,NaN,NaN,NaN,NaN,NaN,NaN,NaN,NaN,NaN,NaN,NaN,NaN,NaN,NaN,NaN,NaN,NaN,NaN
£399.99,98 ratings,3.8 out of 5 stars,TECLAST,Windows 10,Intel Celeron Processor N4100,11.6 Inches,8 GB,4,Intel,F5,Celeron N,NaN,256 GB,NaN,NaN,NaN,NaN,NaN,NaN,NaN,NaN,NaN,NaN,NaN,NaN,NaN,NaN,NaN,NaN,NaN,NaN,NaN,NaN,NaN
£279.00,167 ratings,4.1 out of 5 stars,CHUWI,Windows 10 Home,Intel,10.1 Inches,6 GB,4,Intel,NaN,Celeron,NaN,128 GB,1920 x 1200,NaN,NaN,NaN,NaN,NaN,NaN,NaN,NaN,NaN,NaN,NaN,NaN,NaN,NaN,NaN,NaN,NaN,NaN,NaN,NaN
£274.99,184 ratings,4.3 out of 5 stars,Jumper,Windows 10 Home,Intel,13.3 Inches,8 GB,4,Intel,NaN,Celeron N,NaN,128 GB,1920 x 1080,NaN,NaN,NaN,NaN,NaN,NaN,NaN,NaN,NaN,NaN,NaN,NaN,NaN,NaN,NaN,NaN,NaN,NaN,NaN,NaN
£319.99,0,NaN,ASUS,Windows 10 Home,NaN,15 Inches,8 GB,NaN,NVIDIA,NaN,Core i7,NaN,1000 GB,1920 x 1080,1.8 Kilograms,NaN,"Ssd, hdd",NaN,NaN,NaN,NaN,NaN,NaN,NaN,NaN,NaN,NaN,NaN,NaN,NaN,NaN,NaN,NaN,NaN
£554.99,15 ratings,4.3 out of 5 stars,HP,Windows 10 Pro,Intel Core i5-7300U,NaN,8 GB,NaN,NaN,NaN,Core i5,NaN,512 GB,NaN,NaN,NaN,Ssd,NaN,NaN,NaN,DDR4,ATA,2.6 GHz,NaN,NaN,NaN,NaN,NaN,NaN,NaN,NaN,NaN,NaN,NaN
£179.99,253 ratings,4.5 out of 5 stars,ISTYLE,Windows 10,Intel,10.1 Feet,2 GB,4,Intel,NaN,Atom Z8350,NaN,32 GB,1920 x 1080,NaN,NaN,NaN,NaN,NaN,NaN,NaN,NaN,NaN,NaN,NaN,NaN,NaN,NaN,NaN,NaN,NaN,NaN,NaN,NaN
£359.00,36 ratings,4.7 out of 5 stars,HAOMA,Windows 10 Pro,Intel,15.6 Inches,8 GB,4,NaN,NaN,Celeron J3455,Gray,256 GB,NaN,2.8 Pounds,NaN,NaN,NaN,NaN,NaN,NaN,NaN,NaN,NaN,NaN,NaN,NaN,NaN,NaN,NaN,NaN,NaN,NaN,NaN
£420.00,20 ratings,4.2 out of 5 stars,Lenovo,NaN,Intel,14 Inches,8 GB,2,NaN,NaN,Core i5,NaN,240 GB,NaN,4.01 Pounds,NaN,NaN,Windows,NaN,NaN,NaN,NaN,NaN,Laptop,NaN,NaN,NaN,NaN,NaN,NaN,NaN,NaN,NaN,NaN
£399.99,212 ratings,3.8 out of 5 stars,TECLAST,Windows 10,Intel,14.1 Inches,8 GB,4,Intel,F7 Plus,Celeron N,NaN,256 GB,NaN,NaN,NaN,NaN,NaN,NaN,NaN,NaN,NaN,NaN,NaN,NaN,NaN,NaN,NaN,NaN,NaN,NaN,NaN,NaN,NaN
£419.99,11 ratings,4.2 out of 5 stars,TECLAST,Windows 10,Intel,14.1 Inches,8 GB,4,Intel,NaN,Celeron,NaN,256 GB,1920 x 1080,NaN,NaN,NaN,NaN,NaN,NaN,NaN,NaN,NaN,NaN,NaN,NaN,NaN,NaN,NaN,NaN,NaN,NaN,NaN,NaN
£399.99,98 ratings,3.8 out of 5 stars,TECLAST,Windows 10,Intel Celeron Processor N4100,11.6 Inches,8 GB,4,Intel,F5,Celeron N,NaN,256 GB,NaN,NaN,NaN,NaN,NaN,NaN,NaN,NaN,NaN,NaN,NaN,NaN,NaN,NaN,NaN,NaN,NaN,NaN,NaN,NaN,NaN
£419.99,11 ratings,4.1 out of 5 stars,TECLAST,Windows 10,Intel,14.1 Inches,8 GB,4,Intel,NaN,Celeron,NaN,256 GB,1920 x 1080,NaN,NaN,NaN,NaN,NaN,NaN,NaN,NaN,NaN,NaN,NaN,NaN,NaN,NaN,NaN,NaN,NaN,NaN,NaN,NaN
£678.98,63 ratings,4.3 out of 5 stars,Lenovo,Windows 10 Home,Intel,14 Inches,8 GB,4,Intel,NB YG Slim 7i 14inch,Core i5-1035G4,NaN,NaN,1920 x 1080,NaN,NaN,NaN,NaN,NaN,NaN,NaN,NaN,NaN,NaN,NaN,NaN,NaN,NaN,NaN,NaN,NaN,NaN,NaN,NaN
£579.99,27 ratings,4.5 out of 5 stars,HP,Windows 10 S,Intel,14 Inches,8 GB,2,Intel,HP Pavilion x360 Convertible,Core i3,NaN,NaN,1080p,NaN,NaN,NaN,NaN,NaN,NaN,NaN,NaN,NaN,NaN,NaN,NaN,NaN,NaN,NaN,NaN,NaN,NaN,NaN,NaN
£179.99,98 ratings,3.8 out of 5 stars,ISTYLE,Windows 10,Intel,10.1 Inches,2 GB,4,Intel,NaN,Atom Z8350,NaN,64 GB,1920 x 1080,NaN,NaN,NaN,NaN,NaN,NaN,NaN,NaN,NaN,NaN,NaN,NaN,NaN,NaN,NaN,NaN,NaN,NaN,NaN,NaN
£667.69,218 ratings,4.6 out of 5 stars,HUAWEI,Windows 10 Home,Intel,13 Inches,8 GB,8,NVIDIA,Matebook 13 2020,Core i5-10210U,Grey,NaN,NaN,NaN,NaN,NaN,NaN,NaN,NaN,NaN,NaN,NaN,NaN,NaN,NaN,NaN,NaN,NaN,NaN,NaN,NaN,NaN,NaN
£318.99,5 ratings,3.4 out of 5 stars,Huashetrade,Windows 10 Pro,Intel,15.6 Inches,8 GB,4,Intel,NaN,Celeron G1610T,Silver,256 GB,NaN,NaN,NaN,NaN,NaN,NaN,NaN,NaN,NaN,NaN,NaN,NaN,NaN,NaN,NaN,NaN,NaN,NaN,NaN,NaN,NaN
"£1,555.00",817 ratings,4.7 out of 5 stars,Apple,NaN,Intel,13 Inches,512 GB,4,NaN,NaN,Core i5,Silver,NaN,NaN,NaN,NaN,NaN,MacOS 10.14 Mojave,Apple,MacBook Pro,NaN,NaN,NaN,NaN,NaN,NaN,NaN,NaN,NaN,NaN,NaN,NaN,NaN,NaN
£389.99,678 ratings,4.5 out of 5 stars,ASUS,Chrome OS,Intel,14 Inches,4 GB,2,Intel,ChromeBook Flip 14,Core M Family,NaN,NaN,1920 x 1080,NaN,NaN,NaN,NaN,NaN,NaN,NaN,NaN,NaN,NaN,NaN,NaN,NaN,NaN,NaN,NaN,NaN,NaN,NaN,NaN
£667.69,218 ratings,4.6 out of 5 stars,HUAWEI,Windows 10 Home,Intel,13 Inches,8 GB,8,NVIDIA,Matebook 13 2020,Core i5-10210U,Grey,NaN,NaN,NaN,NaN,NaN,NaN,NaN,NaN,NaN,NaN,NaN,NaN,NaN,NaN,NaN,NaN,NaN,NaN,NaN,NaN,NaN,NaN
£279.00,167 ratings,4.1 out of 5 stars,CHUWI,Windows 10 Home,Intel,10.1 Inches,6 GB,4,Intel,NaN,Celeron,NaN,128 GB,1920 x 1200,NaN,NaN,NaN,NaN,NaN,NaN,NaN,NaN,NaN,NaN,NaN,NaN,NaN,NaN,NaN,NaN,NaN,NaN,NaN,NaN
£439.00,26 ratings,4.4 out of 5 stars,CHUWI,Windows,Intel,14 Inches,16 GB,4,Intel,NaN,Celeron,NaN,16 GB,2160 x 1440,NaN,NaN,NaN,NaN,NaN,NaN,NaN,NaN,NaN,NaN,NaN,NaN,NaN,NaN,NaN,NaN,NaN,NaN,NaN,NaN
£389.00,186 ratings,4.4 out of 5 stars,Lenovo,Windows 10 Pro,Intel,14 Inches,16 GB,2,Intel,NaN,Core i5,NaN,240 GB,1366 x 768,NaN,NaN,NaN,NaN,NaN,NaN,NaN,NaN,NaN,NaN,NaN,NaN,NaN,NaN,NaN,NaN,NaN,NaN,NaN,NaN
£175.00,95 ratings,3.6 out of 5 stars,HSW,Windows,Intel,10.1 Inches,2 GB,4,NaN,NaN,Atom Z8350,Black,2 GB,1280 x 800,NaN,NaN,NaN,NaN,NaN,NaN,NaN,NaN,NaN,NaN,NaN,NaN,NaN,NaN,NaN,NaN,NaN,NaN,NaN,NaN
£299.99,219 ratings,4.3 out of 5 stars,Jumper,Windows 10 Home,Intel,11.6 Inches,4 GB,4,Intel,Ezpad Pro8,Celeron N3450,NaN,64 GB,NaN,NaN,NaN,NaN,NaN,NaN,NaN,NaN,NaN,NaN,NaN,NaN,NaN,NaN,NaN,NaN,NaN,NaN,NaN,NaN,NaN
£259.00,14 ratings,4.3 out of 5 stars,CHUWI,Android,Intel,10.1 Inches,4 GB,8,ARM,NaN,NaN,Black,128 GB,1920 x 1200,NaN,NaN,NaN,NaN,NaN,NaN,NaN,NaN,NaN,NaN,NaN,NaN,NaN,NaN,NaN,NaN,NaN,NaN,NaN,NaN
£359.99,36 ratings,3.8 out of 5 stars,Dell,Windows 10 Pro,Intel,14 Inches,8 GB,2,Intel,Dell Latitude,Core i5,NaN,256 GB,NaN,NaN,NaN,NaN,NaN,NaN,NaN,NaN,NaN,NaN,NaN,NaN,NaN,NaN,NaN,NaN,NaN,NaN,NaN,NaN,NaN
£349.00,252 ratings,4.0 out of 5 stars,CHUWI,Windows 10 Home,Intel,14.1 Inches,8 GB,2,Intel,NaN,Celeron,NaN,8 GB,1920 x 1080,NaN,NaN,NaN,NaN,NaN,NaN,NaN,NaN,NaN,NaN,NaN,NaN,NaN,NaN,NaN,NaN,NaN,NaN,NaN,NaN
£649.97,0,NaN,Acer,NaN,NaN,15.6 Inches,8 GB,NaN,NaN,NaN,Core i7,NaN,NaN,1920 x 1080,NaN,NaN,Ssd,Windows 10,NaN,NaN,DDR4,NaN,NaN,NaN,Wi-Fi,Microphone,NaN,NaN,NaN,NaN,NaN,NaN,NaN,NaN
£399.99,212 ratings,3.8 out of 5 stars,TECLAST,Windows 10,Intel,14.1 Inches,8 GB,4,Intel,F7 Plus,Celeron N,NaN,256 GB,NaN,NaN,NaN,NaN,NaN,NaN,NaN,NaN,NaN,NaN,NaN,NaN,NaN,NaN,NaN,NaN,NaN,NaN,NaN,NaN,NaN
£399.99,212 ratings,3.8 out of 5 stars,TECLAST,Windows 10,Intel,14.1 Inches,8 GB,4,Intel,F7 Plus,Celeron N,NaN,256 GB,NaN,NaN,NaN,NaN,NaN,NaN,NaN,NaN,NaN,NaN,NaN,NaN,NaN,NaN,NaN,NaN,NaN,NaN,NaN,NaN,NaN
£309.99,5 ratings,4.3 out of 5 stars,TECLAST,Windows 10,Intel,13.3 Inches,8 GB,2,Intel,TECLAST F6,Celeron N3350,NaN,128 GB,NaN,NaN,NaN,NaN,NaN,NaN,NaN,NaN,NaN,NaN,NaN,NaN,NaN,NaN,NaN,NaN,NaN,NaN,NaN,NaN,NaN
"£1,099.97",5 ratings,4.5 out of 5 stars,MSI,Windows 10 Home,Intel,15.6 Inches,1 TB,6,NVIDIA,Thin,Core i7,NaN,1 TB,NaN,NaN,NaN,NaN,NaN,NaN,NaN,NaN,NaN,NaN,NaN,NaN,NaN,NaN,NaN,NaN,NaN,NaN,NaN,NaN,NaN
£319.99,396 ratings,4.3 out of 5 stars,Jumper,Windows 10 Home,Intel,11.6 Inches,8 GB,4,Intel,NaN,Celeron N,NaN,128 GB,1280 x 720,NaN,NaN,NaN,NaN,NaN,NaN,NaN,NaN,NaN,NaN,NaN,NaN,NaN,NaN,NaN,NaN,NaN,NaN,NaN,NaN
£239.00,"1,202 ratings",4.5 out of 5 stars,HP,Chrome OS,AMD,14 Inches,4 GB,2,AMD,HP Chromebook,AMD A4,NaN,32 GB,NaN,NaN,NaN,NaN,NaN,NaN,NaN,NaN,NaN,NaN,NaN,NaN,NaN,NaN,NaN,NaN,NaN,NaN,NaN,NaN,NaN
£667.69,218 ratings,4.6 out of 5 stars,HUAWEI,Windows 10 Home,Intel,13 Inches,8 GB,8,NVIDIA,Matebook 13 2020,Core i5-10210U,Grey,NaN,NaN,NaN,NaN,NaN,NaN,NaN,NaN,NaN,NaN,NaN,NaN,NaN,NaN,NaN,NaN,NaN,NaN,NaN,NaN,NaN,NaN
£399.99,37 ratings,4.4 out of 5 stars,Lenovo,Windows 10 S,AMD,14 Inches,4 GB,2,AMD,IdeaPad 3 14ADA05,Ryzen 3 3250U,NaN,128 GB,NaN,NaN,NaN,NaN,NaN,NaN,NaN,NaN,NaN,NaN,NaN,NaN,NaN,NaN,NaN,NaN,NaN,NaN,NaN,NaN,NaN
£259.99,145 ratings,4.1 out of 5 stars,LincPlus,Windows 10 Home,Intel,14 Inches,4 GB,2,Intel,LincPlus P2-UK,Celeron,NaN,64 GB,NaN,NaN,NaN,NaN,NaN,NaN,NaN,NaN,NaN,NaN,NaN,NaN,NaN,NaN,NaN,NaN,NaN,NaN,NaN,NaN,NaN
£399.99,98 ratings,3.8 out of 5 stars,TECLAST,Windows 10,Intel Celeron Processor N4100,11.6 Inches,8 GB,4,Intel,F5,Celeron N,NaN,256 GB,NaN,NaN,NaN,NaN,NaN,NaN,NaN,NaN,NaN,NaN,NaN,NaN,NaN,NaN,NaN,NaN,NaN,NaN,NaN,NaN,NaN
£299.99,54 ratings,4.3 out of 5 stars,HP,Windows 10 S,AMD,15.6 Inches,4 GB,2,AMD,HP Laptop 15s-eq1054sa/15s-eq1054na,None,NaN,NaN,1080p,NaN,NaN,NaN,NaN,NaN,NaN,NaN,NaN,NaN,NaN,NaN,NaN,NaN,NaN,NaN,NaN,NaN,NaN,NaN,NaN
£912.67,166 ratings,4.4 out of 5 stars,Dell,Windows 10 Home,Intel,14 Inches,16 GB,1,Intel,Inspiron 14 5406 2in1,Core i7,NaN,NaN,1080p,NaN,NaN,NaN,NaN,NaN,NaN,NaN,NaN,NaN,NaN,NaN,NaN,NaN,NaN,NaN,NaN,NaN,NaN,NaN,NaN
"£1,029.00",789 ratings,4.5 out of 5 stars,Lenovo,Windows 10,AMD,15.6 Inches,16 GB,1,NVIDIA,"Legion 5 15""",None,NaN,512 GB,NaN,NaN,NaN,NaN,NaN,NaN,NaN,NaN,NaN,NaN,NaN,NaN,NaN,NaN,NaN,NaN,NaN,NaN,NaN,NaN,NaN
£259.00,14 ratings,4.5 out of 5 stars,CHUWI,Android,Intel,10.1 Inches,4 GB,8,ARM,NaN,NaN,Black,128 GB,1920 x 1200,NaN,NaN,NaN,NaN,NaN,NaN,NaN,NaN,NaN,NaN,NaN,NaN,NaN,NaN,NaN,NaN,NaN,NaN,NaN,NaN
£227.99,81 ratings,4.2 out of 5 stars,HP,Windows 10 S,Intel,11.6 Inches,2 GB,2,Intel,HP Stream Laptop,Celeron N,White,NaN,NaN,NaN,NaN,NaN,NaN,NaN,NaN,NaN,NaN,NaN,NaN,NaN,NaN,NaN,NaN,NaN,NaN,NaN,NaN,NaN,NaN
"£1,179.99",13 ratings,4.5 out of 5 stars,ASUS,Windows 10 Home,Intel,15.6 Inches,16 GB,4,Intel,ZenBook 15 UX534FAC,Core i7,Blue,NaN,NaN,NaN,NaN,NaN,NaN,NaN,NaN,NaN,NaN,NaN,NaN,NaN,NaN,NaN,NaN,NaN,NaN,NaN,NaN,NaN,NaN
£369.99,131 ratings,4.7 out of 5 stars,ASUS,Windows 10 Home,Intel,14 Inches,4 GB,4,Intel,VivoBook 14,Pentium,NaN,NaN,1920 x 1080,NaN,NaN,NaN,NaN,NaN,NaN,NaN,NaN,NaN,NaN,NaN,NaN,NaN,NaN,NaN,NaN,NaN,NaN,NaN,NaN
£419.99,11 ratings,4.2 out of 5 stars,TECLAST,Windows 10,Intel,14.1 Inches,8 GB,4,Intel,NaN,Celeron,NaN,256 GB,1920 x 1080,NaN,NaN,NaN,NaN,NaN,NaN,NaN,NaN,NaN,NaN,NaN,NaN,NaN,NaN,NaN,NaN,NaN,NaN,NaN,NaN
£279.00,167 ratings,4.1 out of 5 stars,CHUWI,Windows 10 Home,Intel,10.1 Inches,6 GB,4,Intel,NaN,Celeron,NaN,128 GB,1920 x 1200,NaN,NaN,NaN,NaN,NaN,NaN,NaN,NaN,NaN,NaN,NaN,NaN,NaN,NaN,NaN,NaN,NaN,NaN,NaN,NaN
£582.30,53 ratings,3.9 out of 5 stars,Dell,Windows 10 Pro,Intel,14 Inches,8 GB,1,NaN,NaN,Core i5,Black/Grey,256 GB,NaN,1.42 Kilograms,NaN,NaN,NaN,NaN,NaN,NaN,NaN,NaN,NaN,NaN,NaN,NaN,NaN,NaN,NaN,NaN,NaN,NaN,NaN
£349.00,252 ratings,4.0 out of 5 stars,CHUWI,Windows 10 Home,Intel,14.1 Inches,8 GB,2,Intel,NaN,Celeron,NaN,8 GB,1920 x 1080,NaN,NaN,NaN,NaN,NaN,NaN,NaN,NaN,NaN,NaN,NaN,NaN,NaN,NaN,NaN,NaN,NaN,NaN,NaN,NaN
£998.00,216 ratings,4.6 out of 5 stars,HUAWEI,Windows 10 Home,Intel,13.9 Inches,16 GB,8,NVIDIA,Matebook x pro 2020,Core i5-10210U,Grey,NaN,NaN,NaN,NaN,NaN,NaN,NaN,NaN,NaN,NaN,NaN,NaN,NaN,NaN,NaN,NaN,NaN,NaN,NaN,NaN,NaN,NaN
£339.90,0,NaN,ASUS,Windows 10 S,Intel,14 Inches,4 GB,2,NaN,NaN,Unknown,Silver,128 GB,1920 x 1080,NaN,NaN,NaN,NaN,NaN,NaN,NaN,NaN,NaN,NaN,NaN,NaN,NaN,NaN,NaN,NaN,NaN,NaN,NaN,NaN
£667.69,218 ratings,4.6 out of 5 stars,HUAWEI,Windows 10 Home,Intel,13 Inches,8 GB,8,NVIDIA,Matebook 13 2020,Core i5-10210U,Grey,NaN,NaN,NaN,NaN,NaN,NaN,NaN,NaN,NaN,NaN,NaN,NaN,NaN,NaN,NaN,NaN,NaN,NaN,NaN,NaN,NaN,NaN
£235.00,331 ratings,4.2 out of 5 stars,HP,Windows 10 S,Intel,11.6 Inches,2 GB,2,Intel,HP Stream Laptop,Celeron N,NaN,32 GB,NaN,NaN,NaN,NaN,NaN,NaN,NaN,NaN,NaN,NaN,NaN,NaN,NaN,NaN,NaN,NaN,NaN,NaN,NaN,NaN,NaN
£399.00,5 ratings,4.7 out of 5 stars,CHUWI,Windows 10 Home,NaN,13 Inches,12 GB,4,Intel,NaN,Celeron,Gray,256 GB,2160 x 1440,NaN,NaN,NaN,NaN,NaN,NaN,NaN,NaN,NaN,NaN,NaN,NaN,NaN,NaN,NaN,NaN,NaN,NaN,NaN,NaN
£399.99,98 ratings,3.8 out of 5 stars,TECLAST,Windows 10,Intel Celeron Processor N4100,11.6 Inches,8 GB,4,Intel,F5,Celeron N,NaN,256 GB,NaN,NaN,NaN,NaN,NaN,NaN,NaN,NaN,NaN,NaN,NaN,NaN,NaN,NaN,NaN,NaN,NaN,NaN,NaN,NaN,NaN
£399.99,212 ratings,3.8 out of 5 stars,TECLAST,Windows 10,Intel,14.1 Inches,8 GB,4,Intel,F7 Plus,Celeron N,NaN,256 GB,NaN,NaN,NaN,NaN,NaN,NaN,NaN,NaN,NaN,NaN,NaN,NaN,NaN,NaN,NaN,NaN,NaN,NaN,NaN,NaN,NaN
£547.04,20 ratings,3.8 out of 5 stars,HP,Windows 10 Pro,Intel,13.3 Inches,8 GB,1,Intel,NaN,Core i5 7200U,NaN,256 GB,1920 x 1080,NaN,NaN,NaN,NaN,NaN,NaN,NaN,NaN,NaN,NaN,NaN,NaN,NaN,NaN,NaN,NaN,NaN,NaN,NaN,NaN
£368.00,17 ratings,4.7 out of 5 stars,XINYANGCH,Windows 10 Home,Intel,15.6 Inches,8 GB,4,Intel,NaN,Celeron,NaN,256 GB,1920 x 1080,NaN,NaN,NaN,NaN,NaN,NaN,NaN,NaN,NaN,NaN,NaN,NaN,NaN,NaN,NaN,NaN,NaN,NaN,NaN,NaN
£359.00,36 ratings,4.7 out of 5 stars,HAOMA,Windows 10 Pro,Intel,15.6 Inches,8 GB,4,NaN,NaN,Celeron J3455,Gray,256 GB,NaN,2.8 Pounds,NaN,NaN,NaN,NaN,NaN,NaN,NaN,NaN,NaN,NaN,NaN,NaN,NaN,NaN,NaN,NaN,NaN,NaN,NaN
£369.99,34 ratings,4.7 out of 5 stars,TOPOSH,Windows 10 Home,Intel,14 Inches,8 GB,2,Intel,Netbook PRO,Celeron 3855U,NaN,128 GB,NaN,NaN,NaN,NaN,NaN,NaN,NaN,NaN,NaN,NaN,NaN,NaN,NaN,NaN,NaN,NaN,NaN,NaN,NaN,NaN,NaN
£349.00,459 ratings,3.9 out of 5 stars,CHUWI,Windows 10 Home,Intel,14.1 Inches,8 GB,2,Intel,NaN,Celeron,NaN,256 GB,1920 x 1080,NaN,NaN,NaN,NaN,NaN,NaN,NaN,NaN,NaN,NaN,NaN,NaN,NaN,NaN,NaN,NaN,NaN,NaN,NaN,NaN
£269.98,2 ratings,4.5 out of 5 stars,MEBERRY,Windows,Intel,14.1 Inches,NaN,4,Intel,B2,Celeron N,NaN,64 GB,1280 x 720,NaN,NaN,NaN,NaN,NaN,NaN,NaN,NaN,NaN,NaN,NaN,NaN,NaN,NaN,NaN,NaN,NaN,NaN,NaN,NaN
£430.08,4 ratings,4.2 out of 5 stars,Lenovo,Windows 10 Pro,Intel,14 Inches,8 GB,2,NaN,NaN,Core i5 6200U,NaN,512 GB,NaN,8 Kilograms,NaN,NaN,NaN,NaN,NaN,NaN,NaN,NaN,NaN,NaN,NaN,"Bluetooth, Wi-Fi",NaN,NaN,NaN,NaN,NaN,NaN,NaN
"£1,099.97",5 ratings,4.5 out of 5 stars,MSI,Windows 10 Home,Intel,15.6 Inches,1 TB,6,NVIDIA,Thin,Core i7,NaN,1 TB,NaN,NaN,NaN,NaN,NaN,NaN,NaN,NaN,NaN,NaN,NaN,NaN,NaN,NaN,NaN,NaN,NaN,NaN,NaN,NaN,NaN
£359.99,36 ratings,4.7 out of 5 stars,Dell,Windows 10 Pro,Intel,14 Inches,8 GB,2,Intel,Dell Latitude,Core i5,NaN,256 GB,NaN,NaN,NaN,NaN,NaN,NaN,NaN,NaN,NaN,NaN,NaN,NaN,NaN,NaN,NaN,NaN,NaN,NaN,NaN,NaN,NaN
£368.00,10 ratings,4.7 out of 5 stars,XINYANGCH,Windows 10 Home,Intel,15.6 Inches,6 GB,4,Intel,NaN,Celeron,NaN,256 GB,1920 x 1080,NaN,NaN,NaN,NaN,NaN,NaN,NaN,NaN,NaN,NaN,NaN,NaN,NaN,NaN,NaN,NaN,NaN,NaN,NaN,NaN
£399.99,98 ratings,3.8 out of 5 stars,TECLAST,Windows 10,Intel Celeron Processor N4100,11.6 Inches,8 GB,4,Intel,F5,Celeron N,NaN,256 GB,NaN,NaN,NaN,NaN,NaN,NaN,NaN,NaN,NaN,NaN,NaN,NaN,NaN,NaN,NaN,NaN,NaN,NaN,NaN,NaN,NaN
£399.99,212 ratings,3.8 out of 5 stars,TECLAST,Windows 10,Intel,14.1 Inches,8 GB,4,Intel,F7 Plus,Celeron N,NaN,256 GB,NaN,NaN,NaN,NaN,NaN,NaN,NaN,NaN,NaN,NaN,NaN,NaN,NaN,NaN,NaN,NaN,NaN,NaN,NaN,NaN,NaN
£279.00,167 ratings,4.1 out of 5 stars,CHUWI,Windows 10 Home,Intel,10.1 Inches,6 GB,4,Intel,NaN,Celeron,NaN,128 GB,1920 x 1200,NaN,NaN,NaN,NaN,NaN,NaN,NaN,NaN,NaN,NaN,NaN,NaN,NaN,NaN,NaN,NaN,NaN,NaN,NaN,NaN
"£1,199.99",289 ratings,4.6 out of 5 stars,HP,Windows 10,AMD,15.6 Inches,16 GB,8,NVIDIA,OMEN 15 Laptop,AMD Ryzen 7,NaN,NaN,1080p,NaN,NaN,NaN,NaN,NaN,NaN,NaN,NaN,NaN,NaN,NaN,NaN,NaN,NaN,NaN,NaN,NaN,NaN,NaN,NaN
£499.99,4 ratings,4.6 out of 5 stars,Dell,Windows 10 Pro,Intel,12.5 Inches,8 GB,1,NaN,NaN,Core i5,NaN,256 GB,NaN,NaN,NaN,SSD,NaN,NaN,NaN,NaN,NaN,NaN,NaN,NaN,NaN,NaN,Intel HD Graphics 520,NaN,NaN,NaN,NaN,NaN,NaN
£667.69,218 ratings,4.6 out of 5 stars,HUAWEI,Windows 10 Home,Intel,13 Inches,8 GB,8,NVIDIA,Matebook 13 2020,Core i5-10210U,Grey,NaN,NaN,NaN,NaN,NaN,NaN,NaN,NaN,NaN,NaN,NaN,NaN,NaN,NaN,NaN,NaN,NaN,NaN,NaN,NaN,NaN,NaN
£399.99,98 ratings,3.8 out of 5 stars,TECLAST,Windows 10,Intel Celeron Processor N4100,11.6 Inches,8 GB,4,Intel,F5,Celeron N,NaN,256 GB,NaN,NaN,NaN,NaN,NaN,NaN,NaN,NaN,NaN,NaN,NaN,NaN,NaN,NaN,NaN,NaN,NaN,NaN,NaN,NaN,NaN
£368.00,4 ratings,4.7 out of 5 stars,XINYANGCH,Windows 10 Pro,Intel,15.6 Inches,8 GB,4,NaN,NaN,Celeron J3455,Silver,256 GB,1920 x 1080,NaN,NaN,NaN,NaN,NaN,NaN,NaN,NaN,NaN,NaN,NaN,NaN,NaN,NaN,NaN,NaN,NaN,NaN,NaN,NaN
"£1,249.00","2,622 ratings",4.7 out of 5 stars,Acer,Windows 10,Intel,15.6 Inches,16 GB,6,NVIDIA,PH315-53-72XD,None,NaN,512 GB,NaN,NaN,NaN,NaN,NaN,NaN,NaN,NaN,NaN,NaN,NaN,NaN,NaN,NaN,NaN,NaN,NaN,NaN,NaN,NaN,NaN
£199.99,108 ratings,4.5 out of 5 stars,HP,Chrome OS,Intel,14 Inches,4 GB,1,Intel,NaN,Celeron 2955U,NaN,16 GB,1366 x 768,NaN,NaN,NaN,NaN,NaN,NaN,NaN,NaN,NaN,NaN,NaN,NaN,NaN,NaN,NaN,NaN,NaN,NaN,NaN,NaN
£338.00,110 ratings,3.8 out of 5 stars,YITAOERA,Windows 10 Pro,Intel,15.6 Inches,8 GB,4,Intel,NaN,Celeron J3455,NaN,256 GB,1280 x 720,NaN,NaN,NaN,NaN,NaN,NaN,NaN,NaN,NaN,NaN,NaN,NaN,NaN,NaN,NaN,NaN,NaN,NaN,NaN,NaN
£269.99,0,NaN,Jumper,Windows 10 Home,Intel,13.3,4 GB,2,Intel,Ezbook X3 464office,Celeron N3350,NaN,64 GB,NaN,NaN,NaN,NaN,NaN,NaN,NaN,NaN,NaN,NaN,NaN,NaN,NaN,NaN,NaN,NaN,NaN,NaN,NaN,NaN,NaN
£349.00,893 ratings,3.6 out of 5 stars,HP,Windows 10 Home,Intel,35.6 Centimetres,4 GB,2,Intel,Stream 14-ax005na 1DM45EA,Celeron,NaN,32 GB,NaN,NaN,NaN,NaN,NaN,NaN,NaN,NaN,NaN,NaN,NaN,NaN,NaN,NaN,NaN,NaN,NaN,NaN,NaN,NaN,NaN
£799.00,56 ratings,4.5 out of 5 stars,HP,Windows 10,Intel,15.6 Inches,8 GB,4,NVIDIA,HP Pavilion Gaming Laptop,Core i5,NaN,NaN,1080p,NaN,NaN,NaN,NaN,NaN,NaN,NaN,NaN,NaN,NaN,NaN,NaN,NaN,NaN,NaN,NaN,NaN,NaN,NaN,NaN
"£1,648.80",102 ratings,4.7 out of 5 stars,Apple,NaN,Intel,27 Inches,256 GB,6,NaN,NaN,Intel Core i5,NaN,NaN,5120 x 2880,NaN,NaN,NaN,OS X 10.11 El Capitan,Apple,IMac,NaN,NaN,NaN,NaN,NaN,NaN,NaN,NaN,NaN,NaN,NaN,NaN,NaN,NaN
£419.99,11 ratings,4.2 out of 5 stars,TECLAST,Windows 10,Intel,14.1 Inches,8 GB,4,Intel,NaN,Celeron,NaN,256 GB,1920 x 1080,NaN,NaN,NaN,NaN,NaN,NaN,NaN,NaN,NaN,NaN,NaN,NaN,NaN,NaN,NaN,NaN,NaN,NaN,NaN,NaN
£349.00,459 ratings,3.9 out of 5 stars,CHUWI,Windows 10 Home,Intel,14.1 Inches,8 GB,2,Intel,NaN,Celeron,NaN,256 GB,1920 x 1080,NaN,NaN,NaN,NaN,NaN,NaN,NaN,NaN,NaN,NaN,NaN,NaN,NaN,NaN,NaN,NaN,NaN,NaN,NaN,NaN
£349.99,12 ratings,4.1 out of 5 stars,Dell,Windows 10 Pro,Intel,13.3 Inches,8 GB,1,Intel,NaN,Core i5 3340M,NaN,320 GB,1366 x 768,NaN,NaN,NaN,NaN,NaN,NaN,NaN,NaN,NaN,NaN,NaN,NaN,NaN,NaN,NaN,NaN,NaN,NaN,NaN,NaN
£394.99,15 ratings,3.7 out of 5 stars,Lenovo,Windows 10 Pro,Intel,14 Inches,8 GB,2,Intel,NaN,Core i5,NaN,512.00,1366 x 768,NaN,NaN,NaN,NaN,NaN,NaN,NaN,NaN,NaN,NaN,NaN,NaN,NaN,NaN,NaN,NaN,NaN,NaN,NaN,NaN
£368.00,19 ratings,4.2 out of 5 stars,YITAOERA,Windows 10,Intel,15.6 Inches,8 GB,4,Intel,NaN,Celeron J3455,NaN,256 GB,1920 x 1080,NaN,NaN,NaN,NaN,NaN,NaN,NaN,NaN,NaN,NaN,NaN,NaN,NaN,NaN,NaN,NaN,NaN,NaN,NaN,NaN
£667.69,218 ratings,4.6 out of 5 stars,HUAWEI,Windows 10 Home,Intel,13 Inches,8 GB,8,NVIDIA,Matebook 13 2020,Core i5-10210U,Grey,NaN,NaN,NaN,NaN,NaN,NaN,NaN,NaN,NaN,NaN,NaN,NaN,NaN,NaN,NaN,NaN,NaN,NaN,NaN,NaN,NaN,NaN
£499.99,11 ratings,4.6 out of 5 stars,Lenovo,Windows 10 Pro,Intel,14 Inches,12 GB,2,Intel,NaN,Core i5,NaN,240 GB,1600 x 900,NaN,NaN,NaN,NaN,NaN,NaN,NaN,NaN,NaN,NaN,NaN,NaN,NaN,NaN,NaN,NaN,NaN,NaN,NaN,NaN
"£1,553.91",95 ratings,4.5 out of 5 stars,LG Electronics,NaN,Intel,17 Inches,16 GB,NaN,Intel,NaN,NaN,Black,1024 GB,2560 x 1600,NaN,NaN,Ssd,NaN,NaN,NaN,NaN,NaN,NaN,NaN,NaN,Buttons,NaN,NaN,NaN,NaN,NaN,NaN,NaN,NaN
£599.99,3 ratings,4.3 out of 5 stars,Dell,Windows 10 Pro,Intel,14 Inches,8 GB,1,Intel,NaN,Core i7,Black,128 GB,NaN,NaN,NaN,NaN,NaN,NaN,NaN,NaN,NaN,NaN,NaN,NaN,NaN,NaN,NaN,NaN,NaN,NaN,NaN,NaN,NaN
£349.00,459 ratings,3.9 out of 5 stars,CHUWI,Windows 10 Home,Intel,14.1 Inches,8 GB,2,Intel,NaN,Celeron,NaN,256 GB,1920 x 1080,NaN,NaN,NaN,NaN,NaN,NaN,NaN,NaN,NaN,NaN,NaN,NaN,NaN,NaN,NaN,NaN,NaN,NaN,NaN,NaN
£429.00,75 ratings,4.0 out of 5 stars,CHUWI,Windows 10 Home,NaN,NaN,16 GB,4,Intel,NaN,NaN,NaN,NaN,1920 x 1080,NaN,NaN,Ssd,NaN,NaN,NaN,NaN,NaN,2.7 GHz,NaN,NaN,NaN,"Bluetooth, Wi-Fi",NaN,Lithium Ion,NaN,NaN,NaN,NaN,NaN
£430.08,4 ratings,5.0 out of 5 stars,Lenovo,Windows 10 Pro,Intel,14 Inches,8 GB,2,NaN,NaN,Core i5 6200U,NaN,512 GB,NaN,8 Kilograms,NaN,NaN,NaN,NaN,NaN,NaN,NaN,NaN,NaN,NaN,NaN,"Bluetooth, Wi-Fi",NaN,NaN,NaN,NaN,NaN,NaN,NaN
£369.99,131 ratings,4.1 out of 5 stars,ASUS,Windows 10 Home,Intel,14 Inches,4 GB,4,Intel,VivoBook 14,Pentium,NaN,NaN,1920 x 1080,NaN,NaN,NaN,NaN,NaN,NaN,NaN,NaN,NaN,NaN,NaN,NaN,NaN,NaN,NaN,NaN,NaN,NaN,NaN,NaN
£399.99,212 ratings,3.8 out of 5 stars,TECLAST,Windows 10,Intel,14.1 Inches,8 GB,4,Intel,F7 Plus,Celeron N,NaN,256 GB,NaN,NaN,NaN,NaN,NaN,NaN,NaN,NaN,NaN,NaN,NaN,NaN,NaN,NaN,NaN,NaN,NaN,NaN,NaN,NaN,NaN
£319.99,0,NaN,ASUS,Windows 10 Home,NaN,15 Inches,8 GB,NaN,NVIDIA,NaN,Core i7,NaN,1000 GB,1920 x 1080,1.8 Kilograms,NaN,"Ssd, hdd",NaN,NaN,NaN,NaN,NaN,NaN,NaN,NaN,NaN,NaN,NaN,NaN,NaN,NaN,NaN,NaN,NaN
£554.99,15 ratings,4.1 out of 5 stars,HP,Windows 10 Pro,Intel Core i5-7300U,NaN,8 GB,NaN,NaN,NaN,Core i5,NaN,512 GB,NaN,NaN,NaN,Ssd,NaN,NaN,NaN,DDR4,ATA,2.6 GHz,NaN,NaN,NaN,NaN,NaN,NaN,NaN,NaN,NaN,NaN,NaN
£368.00,10 ratings,3.6 out of 5 stars,XINYANGCH,Windows 10 Home,Intel,15.6 Inches,6 GB,4,Intel,NaN,Celeron,NaN,256 GB,1920 x 1080,NaN,NaN,NaN,NaN,NaN,NaN,NaN,NaN,NaN,NaN,NaN,NaN,NaN,NaN,NaN,NaN,NaN,NaN,NaN,NaN
£399.99,98 ratings,3.8 out of 5 stars,TECLAST,Windows 10,Intel Celeron Processor N4100,11.6 Inches,8 GB,4,Intel,F5,Celeron N,NaN,256 GB,NaN,NaN,NaN,NaN,NaN,NaN,NaN,NaN,NaN,NaN,NaN,NaN,NaN,NaN,NaN,NaN,NaN,NaN,NaN,NaN,NaN
£279.00,167 ratings,4.1 out of 5 stars,CHUWI,Windows 10 Home,Intel,10.1 Inches,6 GB,4,Intel,NaN,Celeron,NaN,128 GB,1920 x 1200,NaN,NaN,NaN,NaN,NaN,NaN,NaN,NaN,NaN,NaN,NaN,NaN,NaN,NaN,NaN,NaN,NaN,NaN,NaN,NaN
£399.99,212 ratings,3.8 out of 5 stars,TECLAST,Windows 10,Intel,14.1 Inches,8 GB,4,Intel,F7 Plus,Celeron N,NaN,256 GB,NaN,NaN,NaN,NaN,NaN,NaN,NaN,NaN,NaN,NaN,NaN,NaN,NaN,NaN,NaN,NaN,NaN,NaN,NaN,NaN,NaN
£419.99,11 ratings,4.2 out of 5 stars,TECLAST,Windows 10,Intel,14.1 Inches,8 GB,4,Intel,NaN,Celeron,NaN,256 GB,1920 x 1080,NaN,NaN,NaN,NaN,NaN,NaN,NaN,NaN,NaN,NaN,NaN,NaN,NaN,NaN,NaN,NaN,NaN,NaN,NaN,NaN
£799.99,0,NaN,HP,Windows 10 Pro,Intel,15 Inches,16 GB,2,NaN,NaN,Core i3-1005G1,NaN,256 GB,1920 x 1080,NaN,NaN,NaN,NaN,NaN,NaN,NaN,NaN,NaN,NaN,NaN,NaN,"Bluetooth, Wi-Fi",NaN,NaN,NaN,NaN,NaN,NaN,NaN
"£2,099.00",102 ratings,4.7 out of 5 stars,Apple,NaN,Intel,27 Inches,512 GB,8,NaN,NaN,Intel Core i7,NaN,NaN,5120 x 2880,NaN,NaN,NaN,OS X 10.11 El Capitan,Apple,IMac,NaN,NaN,NaN,NaN,NaN,NaN,NaN,NaN,NaN,NaN,NaN,NaN,NaN,NaN
£399.99,98 ratings,3.8 out of 5 stars,TECLAST,Windows 10,Intel Celeron Processor N4100,11.6 Inches,8 GB,4,Intel,F5,Celeron N,NaN,256 GB,NaN,NaN,NaN,NaN,NaN,NaN,NaN,NaN,NaN,NaN,NaN,NaN,NaN,NaN,NaN,NaN,NaN,NaN,NaN,NaN,NaN
£299.99,67 ratings,4.6 out of 5 stars,Lenovo,Chrome OS,Intel,11.6 Inches,4 GB,2,Intel,IdeaPad Flex 3i CB 11inch,Celeron,NaN,64 GB,NaN,NaN,NaN,NaN,NaN,NaN,NaN,NaN,NaN,NaN,NaN,NaN,NaN,NaN,NaN,NaN,NaN,NaN,NaN,NaN,NaN
£998.00,216 ratings,4.6 out of 5 stars,HUAWEI,Windows 10 Home,Intel,13.9 Inches,16 GB,8,NVIDIA,Matebook x pro 2020,Core i5-10210U,Grey,NaN,NaN,NaN,NaN,NaN,NaN,NaN,NaN,NaN,NaN,NaN,NaN,NaN,NaN,NaN,NaN,NaN,NaN,NaN,NaN,NaN,NaN
£359.00,178 ratings,4.8 out of 5 stars,CHUWI,Windows 10 Home,Intel,11.6 Inches,8 GB,4,NaN,NaN,NaN,Gray,NaN,1920 x 1080,800 Grams,Convertible,NaN,NaN,NaN,NaN,NaN,NaN,NaN,NaN,NaN,NaN,NaN,NaN,NaN,NaN,NaN,NaN,NaN,NaN
"£1,198.99",267 ratings,4.5 out of 5 stars,Razer,Windows 10 Home,Intel,15.6 Centimetres,256 GB,6,Intel,Blade 15 Base Model,Core i7,NaN,16 GB,NaN,NaN,NaN,NaN,NaN,NaN,NaN,NaN,NaN,NaN,NaN,NaN,NaN,NaN,NaN,NaN,NaN,NaN,NaN,NaN,NaN
£667.69,218 ratings,4.6 out of 5 stars,HUAWEI,Windows 10 Home,Intel,13 Inches,8 GB,8,NVIDIA,Matebook 13 2020,Core i5-10210U,Grey,NaN,NaN,NaN,NaN,NaN,NaN,NaN,NaN,NaN,NaN,NaN,NaN,NaN,NaN,NaN,NaN,NaN,NaN,NaN,NaN,NaN,NaN
£319.99,15 ratings,4.3 out of 5 stars,YITAOSD,Windows 10 Pro,Intel,15.6 Inches,6 GB,4,Intel,NaN,Celeron,NaN,256 GB,1920 x 1080,NaN,NaN,NaN,NaN,NaN,NaN,NaN,NaN,NaN,NaN,NaN,NaN,NaN,NaN,NaN,NaN,NaN,NaN,NaN,NaN
£495.00,2 ratings,4.6 out of 5 stars,HP,Windows 10 Pro,Intel,12.5 Inches,8 GB,2,NaN,"HP EliteBook 820 G3 12.5"" Laptop - Core i7 2.5GHz CPU, 8GB RAM, 256GB SSD, Windows 10 Pro",Core i5,NaN,256 GB,NaN,1260 Grams,NaN,NaN,NaN,NaN,NaN,NaN,NaN,NaN,NaN,NaN,NaN,NaN,NaN,NaN,NaN,NaN,NaN,NaN,NaN
£143.50,106 ratings,4.5 out of 5 stars,Bigmachine,Android,A33,10.1 Inches,1 GB,4,NaN,NaN,A33 ARM Cortexâ¢ A7 Quad Core,Silver,8 GB,1024 x 600,NaN,NaN,NaN,NaN,NaN,NaN,NaN,NaN,NaN,NaN,NaN,NaN,NaN,NaN,NaN,NaN,NaN,NaN,NaN,NaN
£435.85,264 ratings,4.2 out of 5 stars,MESH Computers,Windows 10 Pro,AMD,15.6 Inches,8 GB,2,AMD,NaN,NaN,NaN,NaN,NaN,NaN,Laptop,Ssd,NaN,NaN,NaN,DDR4 SDRAM,NaN,NaN,NaN,NaN,NaN,NaN,NaN,NaN,NaN,NaN,NaN,NaN,NaN
£349.00,459 ratings,3.9 out of 5 stars,CHUWI,Windows 10 Home,Intel,14.1 Inches,8 GB,2,Intel,NaN,Celeron,NaN,256 GB,1920 x 1080,NaN,NaN,NaN,NaN,NaN,NaN,NaN,NaN,NaN,NaN,NaN,NaN,NaN,NaN,NaN,NaN,NaN,NaN,NaN,NaN
£399.99,212 ratings,3.8 out of 5 stars,TECLAST,Windows 10,Intel,14.1 Inches,8 GB,4,Intel,F7 Plus,Celeron N,NaN,256 GB,NaN,NaN,NaN,NaN,NaN,NaN,NaN,NaN,NaN,NaN,NaN,NaN,NaN,NaN,NaN,NaN,NaN,NaN,NaN,NaN,NaN
"£2,699.95",0,NaN,Gigabyte,Windows 10 Pro,Intel,15.6 Inches,32 GB,8,NVIDIA,AERO 15 OLED XC-8UK5450SP,Core i7,NaN,1 TB,NaN,NaN,NaN,NaN,NaN,NaN,NaN,NaN,NaN,NaN,NaN,NaN,NaN,NaN,NaN,NaN,NaN,NaN,NaN,NaN,NaN
£368.00,10 ratings,4.7 out of 5 stars,XINYANGCH,Windows 10 Home,Intel,15.6 Inches,6 GB,4,Intel,NaN,Celeron,NaN,256 GB,1920 x 1080,NaN,NaN,NaN,NaN,NaN,NaN,NaN,NaN,NaN,NaN,NaN,NaN,NaN,NaN,NaN,NaN,NaN,NaN,NaN,NaN
£309.99,5 ratings,4.3 out of 5 stars,TECLAST,Windows 10,Intel,13.3 Inches,8 GB,2,Intel,TECLAST F6,Celeron N3350,NaN,128 GB,NaN,NaN,NaN,NaN,NaN,NaN,NaN,NaN,NaN,NaN,NaN,NaN,NaN,NaN,NaN,NaN,NaN,NaN,NaN,NaN,NaN
£218.99,134 ratings,2.5 out of 5 stars,Huashetrade,Windows 10,Intel,14 Inches,6 GB,4,Intel,NaN,Celeron 3865U,Silver,64 GB,NaN,NaN,NaN,NaN,NaN,NaN,NaN,NaN,NaN,NaN,NaN,NaN,NaN,NaN,NaN,NaN,NaN,NaN,NaN,NaN,NaN
£373.21,2 ratings,3.8 out of 5 stars,Dell,Windows,Intel,14 Inches,8 GB,2,Intel,NaN,Core i5 4300U,NaN,180 GB,1920 x 1080,NaN,NaN,NaN,NaN,NaN,NaN,NaN,NaN,NaN,NaN,NaN,NaN,NaN,NaN,NaN,NaN,NaN,NaN,NaN,NaN
£799.99,0,NaN,HP,Windows 10 Pro,Intel,15 Inches,16 GB,2,NaN,NaN,Core i3-1005G1,NaN,256 GB,1920 x 1080,NaN,NaN,NaN,NaN,NaN,NaN,NaN,NaN,NaN,NaN,NaN,NaN,"Bluetooth, Wi-Fi",NaN,NaN,NaN,NaN,NaN,NaN,NaN
"£1,319.01",37 ratings,4.1 out of 5 stars,Dell,Windows 10 Home,Intel,13.3 Inches,16 GB,1,Intel,XPS 13 7390,Core i7-10510U,NaN,NaN,4K,NaN,NaN,NaN,NaN,NaN,NaN,NaN,NaN,NaN,NaN,NaN,NaN,NaN,NaN,NaN,NaN,NaN,NaN,NaN,NaN
£667.69,218 ratings,4.6 out of 5 stars,HUAWEI,Windows 10 Home,Intel,13 Inches,8 GB,8,NVIDIA,Matebook 13 2020,Core i5-10210U,Grey,NaN,NaN,NaN,NaN,NaN,NaN,NaN,NaN,NaN,NaN,NaN,NaN,NaN,NaN,NaN,NaN,NaN,NaN,NaN,NaN,NaN,NaN
£499.99,4 ratings,4.6 out of 5 stars,Dell,Windows 10 Pro,Intel,12.5 Inches,8 GB,1,NaN,NaN,Core i5,NaN,256 GB,NaN,NaN,NaN,SSD,NaN,NaN,NaN,NaN,NaN,NaN,NaN,NaN,NaN,NaN,Intel HD Graphics 520,NaN,NaN,NaN,NaN,NaN,NaN
£415.00,0,NaN,HP,Windows 10 Home,AMD,15.6 Inches,4 GB,2,NaN,NaN,Athlon Silver 3050U,Silver,128 GB,1280 x 720,NaN,NaN,NaN,NaN,NaN,NaN,NaN,NaN,NaN,NaN,NaN,NaN,NaN,NaN,NaN,NaN,NaN,NaN,NaN,NaN
"£1,399.00",267 ratings,4.3 out of 5 stars,Razer,Windows 10 Home,Intel,15.6 Inches,16,1,NVIDIA,Razer Blade 15 Base Model,Core i7 Family,NaN,NaN,1920 x 1080,NaN,NaN,NaN,NaN,NaN,NaN,NaN,NaN,NaN,NaN,NaN,NaN,NaN,NaN,NaN,NaN,NaN,NaN,NaN,NaN
£399.99,212 ratings,3.8 out of 5 stars,TECLAST,Windows 10,Intel,14.1 Inches,8 GB,4,Intel,F7 Plus,Celeron N,NaN,256 GB,NaN,NaN,NaN,NaN,NaN,NaN,NaN,NaN,NaN,NaN,NaN,NaN,NaN,NaN,NaN,NaN,NaN,NaN,NaN,NaN,NaN
£369.99,15 ratings,4.7 out of 5 stars,AWOW,Windows 10,Intel,11.6 Inches,8 GB,4,Intel,NaN,Celeron N3450,NaN,256 GB,1920 x 1080,NaN,NaN,NaN,NaN,NaN,NaN,NaN,NaN,NaN,NaN,NaN,NaN,NaN,NaN,NaN,NaN,NaN,NaN,NaN,NaN
£227.99,81 ratings,4.2 out of 5 stars,HP,Windows 10 S,Intel,11.6 Inches,2 GB,2,Intel,HP Stream Laptop,Celeron N,White,NaN,NaN,NaN,NaN,NaN,NaN,NaN,NaN,NaN,NaN,NaN,NaN,NaN,NaN,NaN,NaN,NaN,NaN,NaN,NaN,NaN,NaN
£349.00,459 ratings,3.9 out of 5 stars,CHUWI,Windows 10 Home,Intel,14.1 Inches,8 GB,2,Intel,NaN,Celeron,NaN,256 GB,1920 x 1080,NaN,NaN,NaN,NaN,NaN,NaN,NaN,NaN,NaN,NaN,NaN,NaN,NaN,NaN,NaN,NaN,NaN,NaN,NaN,NaN
£382.12,10 ratings,4.7 out of 5 stars,Dell,Windows 10 Pro,Intel,14 Inches,8 GB,1,NaN,NaN,Core i5 5300U,Black,256 GB,NaN,1.81 Kilograms,NaN,NaN,NaN,NaN,NaN,NaN,NaN,NaN,NaN,NaN,NaN,NaN,NaN,NaN,NaN,NaN,NaN,NaN,NaN
"£1,500.00",12 ratings,3.7 out of 5 stars,Dell,Windows 10 Home,Intel,15.6 Inches,16 GB,1,Intel,XPS 15 7590,Core i7,NaN,512 GB,NaN,NaN,NaN,NaN,NaN,NaN,NaN,NaN,NaN,NaN,NaN,NaN,NaN,NaN,NaN,NaN,NaN,NaN,NaN,NaN,NaN
£359.00,59 ratings,4.7 out of 5 stars,Lenovo,Windows 10 Home,NaN,14.1 Inches,8 GB,4,NaN,NaN,Core i5,NaN,NaN,NaN,NaN,Laptop,Ssd,NaN,NaN,NaN,NaN,NaN,2.6 GHz,NaN,NaN,NaN,Wi-Fi,NaN,NaN,NaN,NaN,NaN,NaN,NaN
£199.00,92 ratings,3.8 out of 5 stars,Bigmachine,Windows,Intel,10.1 Inches,2 GB,4,NaN,NaN,Core i7 4770,Black,32 GB,1920 x 1080,NaN,NaN,NaN,NaN,NaN,NaN,NaN,NaN,NaN,NaN,NaN,NaN,NaN,NaN,NaN,NaN,NaN,NaN,NaN,NaN
£368.00,10 ratings,4.7 out of 5 stars,XINYANGCH,Windows 10 Home,Intel,15.6 Inches,6 GB,4,Intel,NaN,Celeron,NaN,256 GB,1920 x 1080,NaN,NaN,NaN,NaN,NaN,NaN,NaN,NaN,NaN,NaN,NaN,NaN,NaN,NaN,NaN,NaN,NaN,NaN,NaN,NaN
£399.99,98 ratings,3.8 out of 5 stars,TECLAST,Windows 10,Intel Celeron Processor N4100,11.6 Inches,8 GB,4,Intel,F5,Celeron N,NaN,256 GB,NaN,NaN,NaN,NaN,NaN,NaN,NaN,NaN,NaN,NaN,NaN,NaN,NaN,NaN,NaN,NaN,NaN,NaN,NaN,NaN,NaN
£279.00,167 ratings,4.1 out of 5 stars,CHUWI,Windows 10 Home,Intel,10.1 Inches,6 GB,4,Intel,NaN,Celeron,NaN,128 GB,1920 x 1200,NaN,NaN,NaN,NaN,NaN,NaN,NaN,NaN,NaN,NaN,NaN,NaN,NaN,NaN,NaN,NaN,NaN,NaN,NaN,NaN
£310.00,0,NaN,Dell,Windows 10,Intel,12.5 Inches,4 GB,2,Intel,NaN,Core i5,NaN,128 GB,1366 x 768,NaN,NaN,NaN,NaN,NaN,NaN,NaN,NaN,NaN,NaN,NaN,NaN,NaN,NaN,NaN,NaN,NaN,NaN,NaN,NaN
£789.99,0,NaN,Dell,NaN,Intel,15.6 Inches,4 GB,4,NaN,NaN,Core i5,NaN,NaN,2160 x 1440,NaN,NaN,Ssd,Windows 10 Pro,NaN,NaN,NaN,NaN,NaN,NaN,Bluetooth,NaN,NaN,NaN,NaN,NaN,NaN,NaN,NaN,NaN
£495.00,53 ratings,4.2 out of 5 stars,Dell,Windows 10 Pro,Intel,15.4 Inches,16 GB,1,Intel,NaN,Core i5,NaN,256 GB,1280 x 720,NaN,NaN,NaN,NaN,NaN,NaN,NaN,NaN,NaN,NaN,NaN,NaN,NaN,NaN,NaN,NaN,NaN,NaN,NaN,NaN
£667.69,218 ratings,4.6 out of 5 stars,HUAWEI,Windows 10 Home,Intel,13 Inches,8 GB,8,NVIDIA,Matebook 13 2020,Core i5-10210U,Grey,NaN,NaN,NaN,NaN,NaN,NaN,NaN,NaN,NaN,NaN,NaN,NaN,NaN,NaN,NaN,NaN,NaN,NaN,NaN,NaN,NaN,NaN
£309.99,3 ratings,4.3 out of 5 stars,TECLAST,Windows 10,Intel,13.3 Inches,8 GB,2,Intel,F6S,Celeron,NaN,128 GB,NaN,NaN,NaN,NaN,NaN,NaN,NaN,NaN,NaN,NaN,NaN,NaN,NaN,NaN,NaN,NaN,NaN,NaN,NaN,NaN,NaN
£129.00,229 ratings,3.0 out of 5 stars,Fancy Cherry,Android,VIA,10 Inches,1 GB,4,NaN,NaN,A-Series,Black 8GB,8 GB,1280 x 720,NaN,NaN,NaN,NaN,NaN,NaN,NaN,NaN,NaN,NaN,NaN,NaN,NaN,NaN,NaN,NaN,NaN,NaN,NaN,NaN
£399.99,98 ratings,3.8 out of 5 stars,TECLAST,Windows 10,Intel Celeron Processor N4100,11.6 Inches,8 GB,4,Intel,F5,Celeron N,NaN,256 GB,NaN,NaN,NaN,NaN,NaN,NaN,NaN,NaN,NaN,NaN,NaN,NaN,NaN,NaN,NaN,NaN,NaN,NaN,NaN,NaN,NaN
£671.46,86 ratings,4.4 out of 5 stars,GPD,Windows 10 Home,Intel,6 Inches,8 GB,4,Intel,NaN,Core_m,NaN,128 GB,1280 x 720,NaN,NaN,NaN,NaN,NaN,NaN,NaN,NaN,NaN,NaN,NaN,NaN,NaN,NaN,NaN,NaN,NaN,NaN,NaN,NaN
£399.99,212 ratings,3.8 out of 5 stars,TECLAST,Windows 10,Intel,14.1 Inches,8 GB,4,Intel,F7 Plus,Celeron N,NaN,256 GB,NaN,NaN,NaN,NaN,NaN,NaN,NaN,NaN,NaN,NaN,NaN,NaN,NaN,NaN,NaN,NaN,NaN,NaN,NaN,NaN,NaN
£799.00,56 ratings,4.5 out of 5 stars,HP,Windows 10,Intel,15.6 Inches,8 GB,4,NVIDIA,HP Pavilion Gaming Laptop,Core i5,NaN,NaN,1080p,NaN,NaN,NaN,NaN,NaN,NaN,NaN,NaN,NaN,NaN,NaN,NaN,NaN,NaN,NaN,NaN,NaN,NaN,NaN,NaN
£390.00,36 ratings,4.7 out of 5 stars,Lenovo,Windows 10 Pro,Intel,14 Inches,8 GB,2,NaN,LENOVO THINKPAD T440P,Core i5,NaN,256 GB,NaN,NaN,Laptop,NaN,NaN,NaN,NaN,NaN,NaN,NaN,NaN,NaN,NaN,NaN,NaN,NaN,NaN,NaN,NaN,NaN,NaN
£899.97,0,NaN,Dell,Windows 10 Pro,Intel,15.6 Inches,256 GB,1,Intel,Latitude 5510,Core i5-10210U,NaN,NaN,1080p,NaN,NaN,NaN,NaN,NaN,NaN,NaN,NaN,NaN,NaN,NaN,NaN,NaN,NaN,NaN,NaN,NaN,NaN,NaN,NaN
£419.99,11 ratings,4.2 out of 5 stars,TECLAST,Windows 10,Intel,14.1 Inches,8 GB,4,Intel,NaN,Celeron,NaN,256 GB,1920 x 1080,NaN,NaN,NaN,NaN,NaN,NaN,NaN,NaN,NaN,NaN,NaN,NaN,NaN,NaN,NaN,NaN,NaN,NaN,NaN,NaN
£279.00,167 ratings,4.1 out of 5 stars,CHUWI,Windows 10 Home,Intel,10.1 Inches,6 GB,4,Intel,NaN,Celeron,NaN,128 GB,1920 x 1200,NaN,NaN,NaN,NaN,NaN,NaN,NaN,NaN,NaN,NaN,NaN,NaN,NaN,NaN,NaN,NaN,NaN,NaN,NaN,NaN
£349.00,459 ratings,3.9 out of 5 stars,CHUWI,Windows 10 Home,Intel,14.1 Inches,8 GB,2,Intel,NaN,Celeron,NaN,256 GB,1920 x 1080,NaN,NaN,NaN,NaN,NaN,NaN,NaN,NaN,NaN,NaN,NaN,NaN,NaN,NaN,NaN,NaN,NaN,NaN,NaN,NaN
£129.00,73 ratings,2.9 out of 5 stars,Fancy Cherry,Android,VIA,10 Inches,1 GB,4,NaN,NaN,A-Series,White 8G,8 GB,1280 x 720,NaN,NaN,NaN,NaN,NaN,NaN,NaN,NaN,NaN,NaN,NaN,NaN,NaN,NaN,NaN,NaN,NaN,NaN,NaN,NaN
£429.00,75 ratings,4.0 out of 5 stars,CHUWI,Windows 10 Home,NaN,NaN,16 GB,4,Intel,NaN,NaN,NaN,NaN,1920 x 1080,NaN,NaN,Ssd,NaN,NaN,NaN,NaN,NaN,2.7 GHz,NaN,NaN,NaN,"Bluetooth, Wi-Fi",NaN,Lithium Ion,NaN,NaN,NaN,NaN,NaN
"£1,898.99",0,NaN,MSI,Windows 10 Home,Intel,15.6 Inches,1 TB,8,NVIDIA,Leopard,Core i7,NaN,1 TB,NaN,NaN,NaN,NaN,NaN,NaN,NaN,NaN,NaN,NaN,NaN,NaN,NaN,NaN,NaN,NaN,NaN,NaN,NaN,NaN,NaN
£848.98,0,NaN,ASUS,NaN,NaN,15.6 Inches,8 GB,4,NaN,NaN,Core i5,Silver,NaN,1920 x 1080,NaN,NaN,Ssd,Windows 10 Pro,Intel,NaN,NaN,NaN,NaN,NaN,NaN,NaN,NaN,NaN,NaN,NaN,NaN,NaN,NaN,NaN
£239.00,285 ratings,4.1 out of 5 stars,LincPlus,Windows,Intel,14 Inches,4 GB,2,Intel,LincPlus p3,Celeron N3350,NaN,64 GB,NaN,NaN,NaN,NaN,NaN,NaN,NaN,NaN,NaN,NaN,NaN,NaN,NaN,NaN,NaN,NaN,NaN,NaN,NaN,NaN,NaN
£319.99,277 ratings,4.4 out of 5 stars,Jumper,Windows 10 Home,Intel,11.6 Inches,6 GB,4,Intel,NaN,Celeron N,NaN,128 GB,1920 x 1080,NaN,NaN,NaN,NaN,NaN,NaN,NaN,NaN,NaN,NaN,NaN,NaN,NaN,NaN,NaN,NaN,NaN,NaN,NaN,NaN
£379.99,0,NaN,Dell,Windows 10 Pro,Intel,13.3 Inches,8 GB,1,Intel,NaN,Core i5 3340M,NaN,256 GB,1366 x 768,NaN,NaN,NaN,NaN,NaN,NaN,NaN,NaN,NaN,NaN,NaN,NaN,NaN,NaN,NaN,NaN,NaN,NaN,NaN,NaN
"£1,019.52",24 ratings,4.2 out of 5 stars,Apple,NaN,Intel,21.5 Inches,256 GB,2,NaN,NaN,Intel Core i5,NaN,NaN,1920 x 1080,NaN,NaN,NaN,OS X 10.11 El Capitan,Apple,IMac,NaN,NaN,NaN,NaN,NaN,NaN,NaN,NaN,NaN,NaN,NaN,NaN,NaN,NaN
£177.99,82 ratings,4.0 out of 5 stars,Dell,Chrome OS,Intel,11 Inches,2 GB,1,NaN,NaN,Celeron N2840,Black,16 GB,1366 x 768,NaN,NaN,NaN,NaN,NaN,NaN,NaN,NaN,NaN,NaN,NaN,NaN,NaN,NaN,NaN,NaN,NaN,NaN,NaN,NaN
£419.99,11 ratings,4.1 out of 5 stars,TECLAST,Windows 10,Intel,14.1 Inches,8 GB,4,Intel,NaN,Celeron,NaN,256 GB,1920 x 1080,NaN,NaN,NaN,NaN,NaN,NaN,NaN,NaN,NaN,NaN,NaN,NaN,NaN,NaN,NaN,NaN,NaN,NaN,NaN,NaN
£699.00,12 ratings,3.6 out of 5 stars,Acer,Windows 10,Intel,13.5 Inches,8 GB,4,Intel,Swift 3 SF313-53,Core i5 Family,NaN,NaN,2256 x 1504,NaN,NaN,NaN,NaN,NaN,NaN,NaN,NaN,NaN,NaN,NaN,NaN,NaN,NaN,NaN,NaN,NaN,NaN,NaN,NaN
"£1,299.99",0,NaN,Acer,Windows 10,Intel,15.6 Inches,16 GB,6,NVIDIA,Acer Predator Helios 300 PH315-53,Core i7,NaN,1 TB,NaN,NaN,NaN,NaN,NaN,NaN,NaN,NaN,NaN,NaN,NaN,NaN,NaN,NaN,NaN,NaN,NaN,NaN,NaN,NaN,NaN
£355.99,42 ratings,2.9 out of 5 stars,Huashetrade,Windows 10 Pro,Intel,15.6 Inches,8 GB,4,NaN,NaN,Celeron G1610T,Silver,256 GB,NaN,1.5 Kilograms,NaN,NaN,NaN,NaN,NaN,NaN,NaN,NaN,NaN,NaN,NaN,NaN,NaN,NaN,NaN,NaN,NaN,NaN,NaN
£369.99,15 ratings,4.6 out of 5 stars,AWOW,Windows 10,Intel,11.6 Inches,8 GB,4,Intel,NaN,Celeron N3450,NaN,256 GB,1920 x 1080,NaN,NaN,NaN,NaN,NaN,NaN,NaN,NaN,NaN,NaN,NaN,NaN,NaN,NaN,NaN,NaN,NaN,NaN,NaN,NaN
£368.00,10 ratings,3.6 out of 5 stars,XINYANGCH,Windows 10 Home,Intel,15.6 Inches,6 GB,4,Intel,NaN,Celeron,NaN,256 GB,1920 x 1080,NaN,NaN,NaN,NaN,NaN,NaN,NaN,NaN,NaN,NaN,NaN,NaN,NaN,NaN,NaN,NaN,NaN,NaN,NaN,NaN
£429.00,0,NaN,MESH Computers,Windows 10 Home,AMD,15.6 Inches,4 GB,2,AMD,NaN,5X86,NaN,256 GB,NaN,1.8 Kilograms,NaN,NaN,NaN,NaN,NaN,NaN,NaN,NaN,NaN,NaN,NaN,NaN,NaN,NaN,NaN,NaN,NaN,NaN,NaN
£832.44,6 ratings,5.0 out of 5 stars,Lenovo,Windows 10 Pro,Intel,15.6 Inches,8 GB,3,Intel,E Series,Core i5 Family,NaN,256 GB,NaN,NaN,NaN,NaN,NaN,NaN,NaN,NaN,NaN,NaN,NaN,NaN,NaN,NaN,NaN,NaN,NaN,NaN,NaN,NaN,NaN
"£1,200.00",4 ratings,4.5 out of 5 stars,Dell,Windows 10,Intel,13.4 Inches,16 GB,4,Intel,Dell XPS 13 9300,Core i7,NaN,256 GB,NaN,NaN,NaN,NaN,NaN,NaN,NaN,NaN,NaN,NaN,NaN,NaN,NaN,NaN,NaN,NaN,NaN,NaN,NaN,NaN,NaN
£771.06,44 ratings,4.2 out of 5 stars,Dell,Windows 10,Intel,15.6 Inches,8 GB,1,Intel,Dell Inspiron G3 15 3500,Core i5,NaN,NaN,1080p,NaN,NaN,NaN,NaN,NaN,NaN,NaN,NaN,NaN,NaN,NaN,NaN,NaN,NaN,NaN,NaN,NaN,NaN,NaN,NaN
£399.99,98 ratings,3.8 out of 5 stars,TECLAST,Windows 10,Intel Celeron Processor N4100,11.6 Inches,8 GB,4,Intel,F5,Celeron N,NaN,256 GB,NaN,NaN,NaN,NaN,NaN,NaN,NaN,NaN,NaN,NaN,NaN,NaN,NaN,NaN,NaN,NaN,NaN,NaN,NaN,NaN,NaN
£667.69,218 ratings,4.6 out of 5 stars,HUAWEI,Windows 10 Home,Intel,13 Inches,8 GB,8,NVIDIA,Matebook 13 2020,Core i5-10210U,Grey,NaN,NaN,NaN,NaN,NaN,NaN,NaN,NaN,NaN,NaN,NaN,NaN,NaN,NaN,NaN,NaN,NaN,NaN,NaN,NaN,NaN,NaN
£399.99,212 ratings,3.8 out of 5 stars,TECLAST,Windows 10,Intel,14.1 Inches,8 GB,4,Intel,F7 Plus,Celeron N,NaN,256 GB,NaN,NaN,NaN,NaN,NaN,NaN,NaN,NaN,NaN,NaN,NaN,NaN,NaN,NaN,NaN,NaN,NaN,NaN,NaN,NaN,NaN
£409.00,49 ratings,3.9 out of 5 stars,CHUWI,Windows 10 Home,Intel,12 Inches,8 GB,4,Intel,NaN,Celeron,NaN,8 GB,2160 x 1440,NaN,NaN,NaN,NaN,NaN,NaN,NaN,NaN,NaN,NaN,NaN,NaN,NaN,NaN,NaN,NaN,NaN,NaN,NaN,NaN
£439.99,102 ratings,4.7 out of 5 stars,HP,Chrome OS,Intel,14 Inches,4 GB,2,Intel,HP ChroHP Chromebook x360mebook,Pentium,NaN,64 GB,NaN,NaN,NaN,NaN,NaN,NaN,NaN,NaN,NaN,NaN,NaN,NaN,NaN,NaN,NaN,NaN,NaN,NaN,NaN,NaN,NaN
"£2,399.00",0,NaN,MSI,Windows 10 Pro,Intel,17.3 Inches,512 GB,8,NVIDIA,Creator,Core i7,NaN,512 GB,NaN,NaN,NaN,NaN,NaN,NaN,NaN,NaN,NaN,NaN,NaN,NaN,NaN,NaN,NaN,NaN,NaN,NaN,NaN,NaN,NaN
£399.99,98 ratings,3.8 out of 5 stars,TECLAST,Windows 10,Intel Celeron Processor N4100,11.6 Inches,8 GB,4,Intel,F5,Celeron N,NaN,256 GB,NaN,NaN,NaN,NaN,NaN,NaN,NaN,NaN,NaN,NaN,NaN,NaN,NaN,NaN,NaN,NaN,NaN,NaN,NaN,NaN,NaN
£699.99,5 ratings,3.8 out of 5 stars,Dell,Windows 10 Pro,Intel,12 Inches,16 GB,1,NaN,NaN,Core i7 6600U,Black,512 GB,NaN,2.78 Pounds,NaN,NaN,NaN,NaN,NaN,NaN,NaN,NaN,NaN,NaN,NaN,NaN,NaN,NaN,NaN,NaN,NaN,NaN,NaN
£474.98,19 ratings,4.3 out of 5 stars,Lenovo,Windows 10 S,Intel,15.6 Inches,8 GB,2,NaN,NaN,Core i3 Family,Graphite Grey,128 GB,1920 x 1080,NaN,NaN,NaN,NaN,NaN,NaN,NaN,NaN,NaN,NaN,NaN,NaN,NaN,NaN,NaN,NaN,NaN,NaN,NaN,NaN
£745.00,7 ratings,4.0 out of 5 stars,Lenovo,Windows 10 Home,Intel,15.6 Inches,8 GB,4,NaN,NaN,Core i5 Family,Grey,256 GB,1920 x 1080,NaN,NaN,NaN,NaN,NaN,NaN,NaN,NaN,NaN,NaN,NaN,NaN,NaN,NaN,NaN,NaN,NaN,NaN,NaN,NaN
£495.00,6 ratings,4.8 out of 5 stars,Lenovo,Windows 10 S,Intel,14 Inches,4 GB,2,NaN,NaN,Core i3-1005G1,Blue,128 GB,1920 x 1080,NaN,NaN,NaN,NaN,NaN,NaN,NaN,NaN,NaN,NaN,NaN,NaN,NaN,NaN,NaN,NaN,NaN,NaN,NaN,NaN
£667.69,218 ratings,4.6 out of 5 stars,HUAWEI,Windows 10 Home,Intel,13 Inches,8 GB,8,NVIDIA,Matebook 13 2020,Core i5-10210U,Grey,NaN,NaN,NaN,NaN,NaN,NaN,NaN,NaN,NaN,NaN,NaN,NaN,NaN,NaN,NaN,NaN,NaN,NaN,NaN,NaN,NaN,NaN
£235.00,331 ratings,4.2 out of 5 stars,HP,Windows 10 S,Intel,11.6 Inches,2 GB,2,Intel,HP Stream Laptop,Celeron N,NaN,32 GB,NaN,NaN,NaN,NaN,NaN,NaN,NaN,NaN,NaN,NaN,NaN,NaN,NaN,NaN,NaN,NaN,NaN,NaN,NaN,NaN,NaN
£448.00,10 ratings,3.8 out of 5 stars,HP,Windows 10 Pro,Intel,14 Inches,8 GB,1,Intel,840 G3,5X86,NaN,256 GB,NaN,NaN,NaN,NaN,NaN,NaN,NaN,NaN,NaN,NaN,NaN,NaN,NaN,NaN,NaN,NaN,NaN,NaN,NaN,NaN,NaN
"£1,699.99",22 ratings,3.8 out of 5 stars,ASUS,Windows 10 Home,AMD,14 Inches,16 GB,8,NVIDIA,ROG Zephyrus G14,None,NaN,NaN,3440 x 1440,NaN,NaN,NaN,NaN,NaN,NaN,NaN,NaN,NaN,NaN,NaN,NaN,NaN,NaN,NaN,NaN,NaN,NaN,NaN,NaN
£399.99,212 ratings,3.8 out of 5 stars,TECLAST,Windows 10,Intel,14.1 Inches,8 GB,4,Intel,F7 Plus,Celeron N,NaN,256 GB,NaN,NaN,NaN,NaN,NaN,NaN,NaN,NaN,NaN,NaN,NaN,NaN,NaN,NaN,NaN,NaN,NaN,NaN,NaN,NaN,NaN
£199.99,6 ratings,4.3 out of 5 stars,Venturer,NaN,Intel,11.6 Inches,2 GB,2,NaN,NaN,Celeron N,Black,64 GB,1920 x 1080,NaN,NaN,NaN,Windows,NaN,NaN,NaN,NaN,NaN,NaN,NaN,NaN,NaN,NaN,NaN,NaN,NaN,NaN,NaN,NaN
£183.41,3 ratings,1.0 out of 5 stars,Lopbinte,NaN,Intel,NaN,4 GB,4,NaN,NaN,NaN,White,NaN,1366 x 768,NaN,NaN,NaN,Windows 10,NaN,197877,NaN,NaN,1.92 GHz,NaN,Wi-Fi,NaN,NaN,NaN,NaN,NaN,NaN,NaN,NaN,NaN
£419.99,11 ratings,4.1 out of 5 stars,TECLAST,Windows 10,Intel,14.1 Inches,8 GB,4,Intel,NaN,Celeron,NaN,256 GB,1920 x 1080,NaN,NaN,NaN,NaN,NaN,NaN,NaN,NaN,NaN,NaN,NaN,NaN,NaN,NaN,NaN,NaN,NaN,NaN,NaN,NaN
£279.00,167 ratings,4.1 out of 5 stars,CHUWI,Windows 10 Home,Intel,10.1 Inches,6 GB,4,Intel,NaN,Celeron,NaN,128 GB,1920 x 1200,NaN,NaN,NaN,NaN,NaN,NaN,NaN,NaN,NaN,NaN,NaN,NaN,NaN,NaN,NaN,NaN,NaN,NaN,NaN,NaN
£349.00,459 ratings,3.9 out of 5 stars,CHUWI,Windows 10 Home,Intel,14.1 Inches,8 GB,2,Intel,NaN,Celeron,NaN,256 GB,1920 x 1080,NaN,NaN,NaN,NaN,NaN,NaN,NaN,NaN,NaN,NaN,NaN,NaN,NaN,NaN,NaN,NaN,NaN,NaN,NaN,NaN
£399.99,212 ratings,3.8 out of 5 stars,TECLAST,Windows 10,Intel,14.1 Inches,8 GB,4,Intel,F7 Plus,Celeron N,NaN,256 GB,NaN,NaN,NaN,NaN,NaN,NaN,NaN,NaN,NaN,NaN,NaN,NaN,NaN,NaN,NaN,NaN,NaN,NaN,NaN,NaN,NaN
£419.99,11 ratings,4.2 out of 5 stars,TECLAST,Windows 10,Intel,14.1 Inches,8 GB,4,Intel,NaN,Celeron,NaN,256 GB,1920 x 1080,NaN,NaN,NaN,NaN,NaN,NaN,NaN,NaN,NaN,NaN,NaN,NaN,NaN,NaN,NaN,NaN,NaN,NaN,NaN,NaN
£439.99,102 ratings,4.2 out of 5 stars,HP,Chrome OS,Intel,14 Inches,4 GB,2,Intel,HP ChroHP Chromebook x360mebook,Pentium,NaN,64 GB,NaN,NaN,NaN,NaN,NaN,NaN,NaN,NaN,NaN,NaN,NaN,NaN,NaN,NaN,NaN,NaN,NaN,NaN,NaN,NaN,NaN
"£1,649.00",2 ratings,5.0 out of 5 stars,Samsung,NaN,Intel,13.3 Inches,NaN,NaN,NaN,"Galaxy Book Flex2 5G, 13"", i5, Royal Silver",NaN,Silver,NaN,NaN,1260 Grams,NaN,NaN,NaN,NaN,NaN,NaN,NaN,NaN,NaN,NaN,NaN,"Cellular, Bluetooth, Wi-Fi",NaN,NaN,30.5 x 20.2 x 1.5 centimetres,5G,"Rear, Front",NaN,NaN
£399.99,98 ratings,3.8 out of 5 stars,TECLAST,Windows 10,Intel Celeron Processor N4100,11.6 Inches,8 GB,4,Intel,F5,Celeron N,NaN,256 GB,NaN,NaN,NaN,NaN,NaN,NaN,NaN,NaN,NaN,NaN,NaN,NaN,NaN,NaN,NaN,NaN,NaN,NaN,NaN,NaN,NaN
£667.69,218 ratings,4.6 out of 5 stars,HUAWEI,Windows 10 Home,Intel,13 Inches,8 GB,8,NVIDIA,Matebook 13 2020,Core i5-10210U,Grey,NaN,NaN,NaN,NaN,NaN,NaN,NaN,NaN,NaN,NaN,NaN,NaN,NaN,NaN,NaN,NaN,NaN,NaN,NaN,NaN,NaN,NaN
£832.44,6 ratings,5.0 out of 5 stars,Lenovo,Windows 10 Pro,Intel,15.6 Inches,8 GB,3,Intel,E Series,Core i5 Family,NaN,256 GB,NaN,NaN,NaN,NaN,NaN,NaN,NaN,NaN,NaN,NaN,NaN,NaN,NaN,NaN,NaN,NaN,NaN,NaN,NaN,NaN,NaN
"£1,699.99",22 ratings,3.8 out of 5 stars,ASUS,Windows 10 Home,AMD,14 Inches,16 GB,8,NVIDIA,ROG Zephyrus G14,None,NaN,NaN,3440 x 1440,NaN,NaN,NaN,NaN,NaN,NaN,NaN,NaN,NaN,NaN,NaN,NaN,NaN,NaN,NaN,NaN,NaN,NaN,NaN,NaN
"£1,395.95",0,NaN,Dell,Windows 10 Pro,Intel,14 Inches,8 GB,7,NaN,NaN,NaN,Black,NaN,1920 x 1080,1 Kilograms,NaN,NaN,NaN,NaN,NaN,NaN,NaN,NaN,NaN,NaN,NaN,Wi-Fi,NaN,NaN,NaN,NaN,NaN,NaN,NaN
£395.00,24 ratings,4.7 out of 5 stars,Lenovo,NaN,AMD,15.6 Inches,8 GB,2,NaN,NaN,AMD A6,NaN,256 GB,NaN,NaN,NaN,NaN,DOS,AMD,Lenovo V145-15AS,NaN,NaN,NaN,NaN,NaN,NaN,NaN,NaN,NaN,NaN,NaN,NaN,NaN,NaN
£285.00,27 ratings,4.5 out of 5 stars,Lenovo,Windows 10 Pro,Intel,12.5 Inches,4 GB,2,Intel,NaN,Core i5,NaN,500 GB,1280 x 800,NaN,NaN,NaN,NaN,NaN,NaN,NaN,NaN,NaN,NaN,NaN,NaN,NaN,NaN,NaN,NaN,NaN,NaN,NaN,NaN
£394.99,15 ratings,4.7 out of 5 stars,Lenovo,Windows 10 Pro,Intel,14 Inches,8 GB,2,Intel,NaN,Core i5,NaN,512.00,1366 x 768,NaN,NaN,NaN,NaN,NaN,NaN,NaN,NaN,NaN,NaN,NaN,NaN,NaN,NaN,NaN,NaN,NaN,NaN,NaN,NaN
£368.00,10 ratings,4.7 out of 5 stars,XINYANGCH,Windows 10 Home,Intel,15.6 Inches,6 GB,4,Intel,NaN,Celeron,NaN,256 GB,1920 x 1080,NaN,NaN,NaN,NaN,NaN,NaN,NaN,NaN,NaN,NaN,NaN,NaN,NaN,NaN,NaN,NaN,NaN,NaN,NaN,NaN
£349.00,459 ratings,3.9 out of 5 stars,CHUWI,Windows 10 Home,Intel,14.1 Inches,8 GB,2,Intel,NaN,Celeron,NaN,256 GB,1920 x 1080,NaN,NaN,NaN,NaN,NaN,NaN,NaN,NaN,NaN,NaN,NaN,NaN,NaN,NaN,NaN,NaN,NaN,NaN,NaN,NaN
"£2,698.99",0,NaN,MSI,Windows 10 Home,Intel,15.6 Inches,32 GB,8,NVIDIA,Stealth,Core i7,NaN,1 TB,NaN,NaN,NaN,NaN,NaN,NaN,NaN,NaN,NaN,NaN,NaN,NaN,NaN,NaN,NaN,NaN,NaN,NaN,NaN,NaN,NaN
£393.99,3 ratings,4.7 out of 5 stars,Dell,Windows 10 Pro,Intel,12.5 Inches,8 GB,2,Intel,NaN,Core i5,NaN,512.00,1366 x 768,NaN,NaN,NaN,NaN,NaN,NaN,NaN,NaN,NaN,NaN,NaN,NaN,NaN,NaN,NaN,NaN,NaN,NaN,NaN,NaN
£209.00,55 ratings,4.5 out of 5 stars,Fancy Cherry,Windows 10 Pro,Intel,11.6 Inches,2 GB,4,NaN,NaN,Atom Z8350,11.6inch 32GB -Black,32 GB,1280 x 720,NaN,NaN,NaN,NaN,NaN,NaN,NaN,NaN,NaN,NaN,NaN,NaN,NaN,NaN,NaN,NaN,NaN,NaN,NaN,NaN
£239.00,285 ratings,4.1 out of 5 stars,LincPlus,Windows,Intel,14 Inches,4 GB,2,Intel,LincPlus p3,Celeron N3350,NaN,64 GB,NaN,NaN,NaN,NaN,NaN,NaN,NaN,NaN,NaN,NaN,NaN,NaN,NaN,NaN,NaN,NaN,NaN,NaN,NaN,NaN,NaN
£350.00,2 ratings,4.7 out of 5 stars,Lenovo,Windows 10 Pro,Intel,12.5 Inches,8 GB,2,Intel,NaN,Core i5,NaN,512.00,1280 x 800,NaN,NaN,NaN,NaN,NaN,NaN,NaN,NaN,NaN,NaN,NaN,NaN,NaN,NaN,NaN,NaN,NaN,NaN,NaN,NaN
£199.99,6 ratings,4.3 out of 5 stars,Venturer,NaN,Intel,11.6 Inches,2 GB,2,NaN,NaN,Celeron N,Black,64 GB,1920 x 1080,NaN,NaN,NaN,Windows,NaN,NaN,NaN,NaN,NaN,NaN,NaN,NaN,NaN,NaN,NaN,NaN,NaN,NaN,NaN,NaN
£914.93,77 ratings,4.5 out of 5 stars,Samsung,Windows 10 Home,Intel,13.3 Inches,256 GB,1,Intel,Galaxy Book S,Core i5,Mercury Grey,NaN,NaN,NaN,NaN,NaN,NaN,NaN,NaN,NaN,NaN,NaN,NaN,NaN,NaN,NaN,NaN,NaN,NaN,NaN,NaN,NaN,NaN
£420.44,161 ratings,4.3 out of 5 stars,HP,Windows 10 Pro,Intel,14 Inches,8 GB,2,Intel,NaN,Core i5,NaN,180 GB,1366x768,NaN,NaN,NaN,NaN,NaN,NaN,NaN,NaN,NaN,NaN,NaN,NaN,NaN,NaN,NaN,NaN,NaN,NaN,NaN,NaN
£419.99,11 ratings,4.2 out of 5 stars,TECLAST,Windows 10,Intel,14.1 Inches,8 GB,4,Intel,NaN,Celeron,NaN,256 GB,1920 x 1080,NaN,NaN,NaN,NaN,NaN,NaN,NaN,NaN,NaN,NaN,NaN,NaN,NaN,NaN,NaN,NaN,NaN,NaN,NaN,NaN
£235.00,331 ratings,4.2 out of 5 stars,HP,Windows 10 S,Intel,11.6 Inches,2 GB,2,Intel,HP Stream Laptop,Celeron N,NaN,32 GB,NaN,NaN,NaN,NaN,NaN,NaN,NaN,NaN,NaN,NaN,NaN,NaN,NaN,NaN,NaN,NaN,NaN,NaN,NaN,NaN,NaN
£949.00,0,NaN,Lenovo,Windows 10 Home,Intel,14 Inches,8 GB,4,Intel,Lenovo Yoga 7i 14inch,Core i7,NaN,NaN,1920 x 1080,NaN,NaN,NaN,NaN,NaN,NaN,NaN,NaN,NaN,NaN,NaN,NaN,NaN,NaN,NaN,NaN,NaN,NaN,NaN,NaN
£368.00,10 ratings,4.7 out of 5 stars,XINYANGCH,Windows 10 Home,Intel,15.6 Inches,6 GB,4,Intel,NaN,Celeron,NaN,256 GB,1920 x 1080,NaN,NaN,NaN,NaN,NaN,NaN,NaN,NaN,NaN,NaN,NaN,NaN,NaN,NaN,NaN,NaN,NaN,NaN,NaN,NaN
£384.00,2 ratings,3.8 out of 5 stars,ASUS,Windows,Intel,14 Inches,4 GB,2,Intel,NaN,Pentium Gold G5400,NaN,128 GB,1920 x 1080,NaN,NaN,NaN,NaN,NaN,NaN,NaN,NaN,NaN,NaN,NaN,NaN,NaN,NaN,NaN,NaN,NaN,NaN,NaN,NaN
£801.80,2 ratings,4.0 out of 5 stars,Lenovo,Windows 10 Home,Intel,17.3 Inches,8 GB,4,NVIDIA,Legion 5i 17inch,Core i5,NaN,NaN,1920 x 1080,NaN,NaN,NaN,NaN,NaN,NaN,NaN,NaN,NaN,NaN,NaN,NaN,NaN,NaN,NaN,NaN,NaN,NaN,NaN,NaN
£899.99,11 ratings,4.4 out of 5 stars,MSI,Windows 10 Home,Intel,15.6 Inches,8 GB,6,NVIDIA,9S7-16R412-655,Core i7,NaN,NaN,1920 x 1080,NaN,NaN,NaN,NaN,NaN,NaN,NaN,NaN,NaN,NaN,NaN,NaN,NaN,NaN,NaN,NaN,NaN,NaN,NaN,NaN
"£1,348.99",9 ratings,3.6 out of 5 stars,MSI,Windows 10 Home,Intel,15.6 Inches,16 GB,6,NVIDIA,9S7-16V112-040,Core i7,NaN,NaN,1920 x 1080,NaN,NaN,NaN,NaN,NaN,NaN,NaN,NaN,NaN,NaN,NaN,NaN,NaN,NaN,NaN,NaN,NaN,NaN,NaN,NaN
£399.99,98 ratings,3.8 out of 5 stars,TECLAST,Windows 10,Intel Celeron Processor N4100,11.6 Inches,8 GB,4,Intel,F5,Celeron N,NaN,256 GB,NaN,NaN,NaN,NaN,NaN,NaN,NaN,NaN,NaN,NaN,NaN,NaN,NaN,NaN,NaN,NaN,NaN,NaN,NaN,NaN,NaN
£399.99,212 ratings,3.8 out of 5 stars,TECLAST,Windows 10,Intel,14.1 Inches,8 GB,4,Intel,F7 Plus,Celeron N,NaN,256 GB,NaN,NaN,NaN,NaN,NaN,NaN,NaN,NaN,NaN,NaN,NaN,NaN,NaN,NaN,NaN,NaN,NaN,NaN,NaN,NaN,NaN
£667.69,218 ratings,4.6 out of 5 stars,HUAWEI,Windows 10 Home,Intel,13 Inches,8 GB,8,NVIDIA,Matebook 13 2020,Core i5-10210U,Grey,NaN,NaN,NaN,NaN,NaN,NaN,NaN,NaN,NaN,NaN,NaN,NaN,NaN,NaN,NaN,NaN,NaN,NaN,NaN,NaN,NaN,NaN
£339.99,0,NaN,Jumper,Windows 10 Home,Intel,14 Inches,8 GB,4,Intel,EZbook S5,Celeron N3450,NaN,256 GB,NaN,NaN,NaN,NaN,NaN,NaN,NaN,NaN,NaN,NaN,NaN,NaN,NaN,NaN,NaN,NaN,NaN,NaN,NaN,NaN,NaN
£303.99,81 ratings,4.3 out of 5 stars,Huashetrade,Windows 10,Intel,15.6 Inches,8 GB,4,Intel,NaN,Celeron J3455,Silver,128 GB,NaN,NaN,NaN,NaN,NaN,NaN,NaN,NaN,NaN,NaN,NaN,NaN,NaN,NaN,NaN,NaN,NaN,NaN,NaN,NaN,NaN
£399.99,212 ratings,3.8 out of 5 stars,TECLAST,Windows 10,Intel,14.1 Inches,8 GB,4,Intel,F7 Plus,Celeron N,NaN,256 GB,NaN,NaN,NaN,NaN,NaN,NaN,NaN,NaN,NaN,NaN,NaN,NaN,NaN,NaN,NaN,NaN,NaN,NaN,NaN,NaN,NaN
£546.72,4 ratings,4.4 out of 5 stars,HP,Windows 10 Pro,Intel,14 Inches,16 GB,1,Intel,NaN,Core i5 6200U,NaN,128 GB,1366 x 768,NaN,NaN,NaN,NaN,NaN,NaN,NaN,NaN,NaN,NaN,NaN,NaN,NaN,NaN,NaN,NaN,NaN,NaN,NaN,NaN
£848.98,0,NaN,ASUS,NaN,NaN,15.6 Inches,8 GB,4,NaN,NaN,Core i5,Silver,NaN,1920 x 1080,NaN,NaN,Ssd,Windows 10 Pro,Intel,NaN,NaN,NaN,NaN,NaN,NaN,NaN,NaN,NaN,NaN,NaN,NaN,NaN,NaN,NaN
£634.70,372 ratings,5.0 out of 5 stars,Microsoft,Windows 10 S,Intel,10 Inches,8 GB,2,Integrated,Surface Go 2 and Type Cover,Pentium,NaN,NaN,1920 x 1080,NaN,NaN,NaN,NaN,NaN,NaN,NaN,NaN,NaN,NaN,NaN,NaN,NaN,NaN,NaN,NaN,NaN,NaN,NaN,NaN
£368.00,10 ratings,4.7 out of 5 stars,XINYANGCH,Windows 10 Home,Intel,15.6 Inches,6 GB,4,Intel,NaN,Celeron,NaN,256 GB,1920 x 1080,NaN,NaN,NaN,NaN,NaN,NaN,NaN,NaN,NaN,NaN,NaN,NaN,NaN,NaN,NaN,NaN,NaN,NaN,NaN,NaN
£389.00,1 rating,4.7 out of 5 stars,DWKK,Windows,Intel,11.6 Inches,8 GB,4,Intel,NaN,Celeron N3450,NaN,256 GB,1280 x 720,NaN,NaN,NaN,NaN,NaN,NaN,NaN,NaN,NaN,NaN,NaN,NaN,NaN,NaN,NaN,NaN,NaN,NaN,NaN,NaN
£899.99,1 rating,5.0 out of 5 stars,Lenovo,Windows 10 Pro,NaN,14 Inches,512 GB,1,NaN,NaN,Core i7,NaN,512 GB,1920 x 1080,NaN,NaN,Mechanical Hard Drive,NaN,NaN,NaN,DDR,NaN,NaN,NaN,NaN,NaN,NaN,NaN,NaN,NaN,NaN,NaN,NaN,NaN
£599.97,5 ratings,4.3 out of 5 stars,Lenovo,Windows 10 Pro,AMD,15.6 Inches,8 GB,2,AMD,V15,R Series,NaN,256 GB,NaN,NaN,NaN,NaN,NaN,NaN,NaN,NaN,NaN,NaN,NaN,NaN,NaN,NaN,NaN,NaN,NaN,NaN,NaN,NaN,NaN
£349.00,459 ratings,3.9 out of 5 stars,CHUWI,Windows 10 Home,Intel,14.1 Inches,8 GB,2,Intel,NaN,Celeron,NaN,256 GB,1920 x 1080,NaN,NaN,NaN,NaN,NaN,NaN,NaN,NaN,NaN,NaN,NaN,NaN,NaN,NaN,NaN,NaN,NaN,NaN,NaN,NaN
£399.00,79 ratings,4.7 out of 5 stars,CHUWI,Windows,Intel,13.3 Inches,8 GB,2,Intel,NaN,Core m3-8100Y,NaN,256 GB,3840 x 2160,NaN,NaN,NaN,NaN,NaN,NaN,NaN,NaN,NaN,NaN,NaN,NaN,NaN,NaN,NaN,NaN,NaN,NaN,NaN,NaN
£259.99,380 ratings,4.5 out of 5 stars,Acer,Chrome OS,Intel,14 Inches,4 GB,1,Intel,Acer Chromebook 314,Celeron,NaN,64 GB,NaN,NaN,NaN,NaN,NaN,NaN,NaN,NaN,NaN,NaN,NaN,NaN,NaN,NaN,NaN,NaN,NaN,NaN,NaN,NaN,NaN
£667.69,218 ratings,4.6 out of 5 stars,HUAWEI,Windows 10 Home,Intel,13 Inches,8 GB,8,NVIDIA,Matebook 13 2020,Core i5-10210U,Grey,NaN,NaN,NaN,NaN,NaN,NaN,NaN,NaN,NaN,NaN,NaN,NaN,NaN,NaN,NaN,NaN,NaN,NaN,NaN,NaN,NaN,NaN
£399.99,98 ratings,3.8 out of 5 stars,TECLAST,Windows 10,Intel Celeron Processor N4100,11.6 Inches,8 GB,4,Intel,F5,Celeron N,NaN,256 GB,NaN,NaN,NaN,NaN,NaN,NaN,NaN,NaN,NaN,NaN,NaN,NaN,NaN,NaN,NaN,NaN,NaN,NaN,NaN,NaN,NaN
£279.00,167 ratings,4.1 out of 5 stars,CHUWI,Windows 10 Home,Intel,10.1 Inches,6 GB,4,Intel,NaN,Celeron,NaN,128 GB,1920 x 1200,NaN,NaN,NaN,NaN,NaN,NaN,NaN,NaN,NaN,NaN,NaN,NaN,NaN,NaN,NaN,NaN,NaN,NaN,NaN,NaN
£399.00,59 ratings,4.3 out of 5 stars,CHUWI,Windows 10 Home,Intel,13 Inches,12 GB,4,Intel,NaN,Celeron,NaN,256 GB,2160 x 1440,NaN,NaN,NaN,NaN,NaN,NaN,NaN,NaN,NaN,NaN,NaN,NaN,NaN,NaN,NaN,NaN,NaN,NaN,NaN,NaN
£349.00,252 ratings,4.0 out of 5 stars,CHUWI,Windows 10 Home,Intel,14.1 Inches,8 GB,2,Intel,NaN,Celeron,NaN,8 GB,1920 x 1080,NaN,NaN,NaN,NaN,NaN,NaN,NaN,NaN,NaN,NaN,NaN,NaN,NaN,NaN,NaN,NaN,NaN,NaN,NaN,NaN
£745.00,7 ratings,4.0 out of 5 stars,Lenovo,Windows 10 Home,Intel,15.6 Inches,8 GB,4,NaN,NaN,Core i5 Family,Grey,256 GB,1920 x 1080,NaN,NaN,NaN,NaN,NaN,NaN,NaN,NaN,NaN,NaN,NaN,NaN,NaN,NaN,NaN,NaN,NaN,NaN,NaN,NaN
£729.00,3 ratings,2.5 out of 5 stars,Dell,Windows 10 Pro,Intel,13.3 Inches,8 GB,4,Intel,Latitude 13 7390,Core i5 8250U,NaN,8 GB,NaN,NaN,NaN,NaN,NaN,NaN,NaN,NaN,NaN,NaN,NaN,NaN,NaN,NaN,NaN,NaN,NaN,NaN,NaN,NaN,NaN
£299.00,118 ratings,4.4 out of 5 stars,Lenovo,Windows 10 S,AMD,11.6 Inches,4 GB,2,AMD,Ideapad Slim 1-11inch,AMD A4,NaN,NaN,1280 x 720,NaN,NaN,NaN,NaN,NaN,NaN,NaN,NaN,NaN,NaN,NaN,NaN,NaN,NaN,NaN,NaN,NaN,NaN,NaN,NaN
"£1,299.99",0,NaN,Acer,Windows 10,AMD,17.3 Inches,16 GB,8,NVIDIA,Acer Nitro 5 AN517-41,Ryzen 5 4600U,NaN,NaN,1920 x 1080,NaN,NaN,NaN,NaN,NaN,NaN,NaN,NaN,NaN,NaN,NaN,NaN,NaN,NaN,NaN,NaN,NaN,NaN,NaN,NaN
£143.50,106 ratings,3.1 out of 5 stars,Bigmachine,Android,A33,10.1 Inches,1 GB,4,NaN,NaN,A33 ARM Cortexâ¢ A7 Quad Core,Black,8 GB,1024 x 600,NaN,NaN,NaN,NaN,NaN,NaN,NaN,NaN,NaN,NaN,NaN,NaN,NaN,NaN,NaN,NaN,NaN,NaN,NaN,NaN
£399.99,212 ratings,3.8 out of 5 stars,TECLAST,Windows 10,Intel,14.1 Inches,8 GB,4,Intel,F7 Plus,Celeron N,NaN,256 GB,NaN,NaN,NaN,NaN,NaN,NaN,NaN,NaN,NaN,NaN,NaN,NaN,NaN,NaN,NaN,NaN,NaN,NaN,NaN,NaN,NaN
£368.00,10 ratings,3.6 out of 5 stars,XINYANGCH,Windows 10 Home,Intel,15.6 Inches,6 GB,4,Intel,NaN,Celeron,NaN,256 GB,1920 x 1080,NaN,NaN,NaN,NaN,NaN,NaN,NaN,NaN,NaN,NaN,NaN,NaN,NaN,NaN,NaN,NaN,NaN,NaN,NaN,NaN
"£1,249.00","2,622 ratings",4.7 out of 5 stars,Acer,Windows 10,Intel,15.6 Inches,16 GB,6,NVIDIA,PH315-53-72XD,None,NaN,512 GB,NaN,NaN,NaN,NaN,NaN,NaN,NaN,NaN,NaN,NaN,NaN,NaN,NaN,NaN,NaN,NaN,NaN,NaN,NaN,NaN,NaN
£748.76,20 ratings,4.3 out of 5 stars,Apple,Mac OS X,Intel,13.3 Inches,8 GB,2,NaN,Macbook PRO ME865,Core i5,Silver,256 GB,NaN,NaN,NaN,NaN,NaN,NaN,NaN,NaN,NaN,NaN,NaN,NaN,NaN,NaN,NaN,NaN,NaN,NaN,NaN,NaN,NaN
£299.99,61 ratings,4.2 out of 5 stars,X230,Windows 7,Intel,12.5 Inches,4 GB,1,NaN,NaN,Core i5,NaN,320 GB,NaN,NaN,Laptop,Hdd,NaN,NaN,NaN,NaN,NaN,NaN,NaN,NaN,NaN,NaN,NaN,NaN,NaN,NaN,NaN,NaN,NaN
£259.00,271 ratings,4.2 out of 5 stars,LincPlus,Windows 10 S,Intel,13.3 Inches,4 GB,2,Intel,LincPlus P1-UK,Celeron N,NaN,64 GB,NaN,NaN,NaN,NaN,NaN,NaN,NaN,NaN,NaN,NaN,NaN,NaN,NaN,NaN,NaN,NaN,NaN,NaN,NaN,NaN,NaN
£349.00,459 ratings,3.9 out of 5 stars,CHUWI,Windows 10 Home,Intel,14.1 Inches,8 GB,2,Intel,NaN,Celeron,NaN,256 GB,1920 x 1080,NaN,NaN,NaN,NaN,NaN,NaN,NaN,NaN,NaN,NaN,NaN,NaN,NaN,NaN,NaN,NaN,NaN,NaN,NaN,NaN
£667.69,218 ratings,4.6 out of 5 stars,HUAWEI,Windows 10 Home,Intel,13 Inches,8 GB,8,NVIDIA,Matebook 13 2020,Core i5-10210U,Grey,NaN,NaN,NaN,NaN,NaN,NaN,NaN,NaN,NaN,NaN,NaN,NaN,NaN,NaN,NaN,NaN,NaN,NaN,NaN,NaN,NaN,NaN
£239.00,285 ratings,4.1 out of 5 stars,LincPlus,Windows,Intel,14 Inches,4 GB,2,Intel,LincPlus p3,Celeron N3350,NaN,64 GB,NaN,NaN,NaN,NaN,NaN,NaN,NaN,NaN,NaN,NaN,NaN,NaN,NaN,NaN,NaN,NaN,NaN,NaN,NaN,NaN,NaN
"£2,698.99",0,NaN,MSI,Windows 10 Home,Intel,15.6 Inches,32 GB,8,NVIDIA,Stealth,Core i7,NaN,1 TB,NaN,NaN,NaN,NaN,NaN,NaN,NaN,NaN,NaN,NaN,NaN,NaN,NaN,NaN,NaN,NaN,NaN,NaN,NaN,NaN,NaN
£567.08,0,NaN,HP,Windows,Intel,14 Inches,8 GB,2,NaN,NaN,Core i7,NaN,256 GB,NaN,1480 Grams,NaN,Ssd,NaN,NaN,NaN,NaN,NaN,NaN,NaN,NaN,NaN,NaN,NaN,NaN,NaN,NaN,NaN,NaN,NaN
£199.99,108 ratings,4.5 out of 5 stars,HP,Chrome OS,Intel,14 Inches,4 GB,1,Intel,NaN,Celeron 2955U,NaN,16 GB,1366 x 768,NaN,NaN,NaN,NaN,NaN,NaN,NaN,NaN,NaN,NaN,NaN,NaN,NaN,NaN,NaN,NaN,NaN,NaN,NaN,NaN
£399.99,44 ratings,4.7 out of 5 stars,TECLAST,Windows 10,Intel,14.1 Inches,8 GB,4,AMD,NaN,Celeron,NaN,256 GB,1920 x 1080,NaN,NaN,NaN,NaN,NaN,NaN,NaN,NaN,NaN,NaN,NaN,NaN,NaN,NaN,NaN,NaN,NaN,NaN,NaN,NaN
£229.99,715 ratings,4.2 out of 5 stars,Jumper,Windows 10,Intel,13.3 Inches,4 GB,2,Intel,Ezbook X3 464office,Celeron N3350,NaN,64 GB,NaN,NaN,NaN,NaN,NaN,NaN,NaN,NaN,NaN,NaN,NaN,NaN,NaN,NaN,NaN,NaN,NaN,NaN,NaN,NaN,NaN
£382.64,61 ratings,4.1 out of 5 stars,HP,Windows 10 Pro,Intel,14 Inches,8 GB,2,NaN,NaN,Core i5,NaN,256 GB,NaN,3.53 Pounds,Laptop,NaN,NaN,NaN,NaN,NaN,NaN,NaN,NaN,NaN,NaN,NaN,NaN,NaN,NaN,NaN,NaN,NaN,NaN
£430.00,91 ratings,4.3 out of 5 stars,HP,Windows 10 Pro,Intel,14 Inches,8 GB,2,Intel,820 G3,5X86,NaN,256 GB,NaN,NaN,NaN,NaN,NaN,NaN,NaN,NaN,NaN,NaN,NaN,NaN,NaN,NaN,NaN,NaN,NaN,NaN,NaN,NaN,NaN
"£1,779.97",10 ratings,4.0 out of 5 stars,Lenovo,Windows 10 Home,Intel,15.6 Inches,16 GB,8,NVIDIA,Legion 7i 15inch,Core i7,NaN,NaN,1920 x 1080,NaN,NaN,NaN,NaN,NaN,NaN,NaN,NaN,NaN,NaN,NaN,NaN,NaN,NaN,NaN,NaN,NaN,NaN,NaN,NaN
£368.00,10 ratings,4.7 out of 5 stars,XINYANGCH,Windows 10 Home,Intel,15.6 Inches,6 GB,4,Intel,NaN,Celeron,NaN,256 GB,1920 x 1080,NaN,NaN,NaN,NaN,NaN,NaN,NaN,NaN,NaN,NaN,NaN,NaN,NaN,NaN,NaN,NaN,NaN,NaN,NaN,NaN
£259.99,51 ratings,4.3 out of 5 stars,Lenovo,Windows 10 Home,NaN,12 Inches,8 GB,NaN,NaN,NaN,Core i5,NaN,NaN,NaN,NaN,Netbook,Hdd,NaN,NaN,NaN,NaN,NaN,2.6 GHz,NaN,NaN,NaN,Wi-Fi,NaN,NaN,NaN,NaN,NaN,Windows 10 Home,NaN
£183.41,3 ratings,1.0 out of 5 stars,Lopbinte,NaN,Intel,NaN,4 GB,4,NaN,NaN,NaN,White,NaN,1366 x 768,NaN,NaN,NaN,Windows 10,NaN,197877,NaN,NaN,1.92 GHz,NaN,Wi-Fi,NaN,NaN,NaN,NaN,NaN,NaN,NaN,NaN,NaN
£199.99,370 ratings,4.2 out of 5 stars,HP,Google Chrome,Intel,14 Inches,4 GB,1,Intel,NaN,Celeron 2955U,NaN,16 GB,1366 x 768,NaN,NaN,NaN,NaN,NaN,NaN,NaN,NaN,NaN,NaN,NaN,NaN,NaN,NaN,NaN,NaN,NaN,NaN,NaN,NaN
£549.99,0,NaN,HP,Windows 10 Pro,Intel,13.3 Inches,16 GB,1,NaN,NaN,Core i7,NaN,256 GB,NaN,NaN,NaN,SSD,NaN,NaN,NaN,NaN,NaN,NaN,NaN,NaN,NaN,Wi-Fi,NaN,NaN,NaN,NaN,NaN,NaN,NaN
£667.69,218 ratings,4.6 out of 5 stars,HUAWEI,Windows 10 Home,Intel,13 Inches,8 GB,8,NVIDIA,Matebook 13 2020,Core i5-10210U,Grey,NaN,NaN,NaN,NaN,NaN,NaN,NaN,NaN,NaN,NaN,NaN,NaN,NaN,NaN,NaN,NaN,NaN,NaN,NaN,NaN,NaN,NaN
£925.00,0,NaN,Dell,Windows 10 Home,Intel,15.6 Inches,16 GB,1,Nvidia,Dell G3 3590,NaN,Space Gray,512 GB,NaN,NaN,NaN,NaN,NaN,NaN,NaN,NaN,NaN,NaN,NaN,NaN,NaN,NaN,NaN,NaN,NaN,NaN,NaN,NaN,NaN
£370.00,21 ratings,4.7 out of 5 stars,Lenovo,Windows,Intel,14.1 Inches,8 GB,1,NaN,NaN,Core i5,NaN,500 GB,NaN,NaN,Laptop,NaN,NaN,NaN,NaN,DDR3,NaN,NaN,NaN,NaN,NaN,NaN,NaN,NaN,NaN,NaN,NaN,NaN,NaN
£349.00,459 ratings,3.9 out of 5 stars,CHUWI,Windows 10 Home,Intel,14.1 Inches,8 GB,2,Intel,NaN,Celeron,NaN,256 GB,1920 x 1080,NaN,NaN,NaN,NaN,NaN,NaN,NaN,NaN,NaN,NaN,NaN,NaN,NaN,NaN,NaN,NaN,NaN,NaN,NaN,NaN
"£2,470.00",636 ratings,4.6 out of 5 stars,Apple,NaN,Intel,16 Inches,16 GB,2,NaN,NaN,Intel Core i5,Silver,NaN,NaN,NaN,NaN,NaN,OS X 10.11 El Capitan,Apple,MacBook Pro 16,NaN,NaN,NaN,NaN,NaN,NaN,NaN,NaN,NaN,NaN,NaN,NaN,NaN,NaN
£899.99,8 ratings,5.0 out of 5 stars,Lenovo,Windows 10 Home,Intel,15.6 Inches,8 GB,4,NVIDIA,NB IP Creator 5i 15inch,Core i5,NaN,NaN,1920 x 1080,NaN,NaN,NaN,NaN,NaN,NaN,NaN,NaN,NaN,NaN,NaN,NaN,NaN,NaN,NaN,NaN,NaN,NaN,NaN,NaN
£379.99,2 ratings,5.0 out of 5 stars,Dell,Windows 10 Pro,Intel,13.3 Inches,8 GB,1,Intel,NaN,Core i5 3340M,NaN,1 TB,1366 x 768,NaN,NaN,NaN,NaN,NaN,NaN,NaN,NaN,NaN,NaN,NaN,NaN,NaN,NaN,NaN,NaN,NaN,NaN,NaN,NaN
£399.99,98 ratings,3.8 out of 5 stars,TECLAST,Windows 10,Intel Celeron Processor N4100,11.6 Inches,8 GB,4,Intel,F5,Celeron N,NaN,256 GB,NaN,NaN,NaN,NaN,NaN,NaN,NaN,NaN,NaN,NaN,NaN,NaN,NaN,NaN,NaN,NaN,NaN,NaN,NaN,NaN,NaN
£223.76,2 ratings,3.0 out of 5 stars,Vaorwne,NaN,NaN,14.1 Inches,4 GB,4,NaN,NaN,NaN,White,NaN,1280 x 720,NaN,NaN,NaN,NaN,NaN,197877,NaN,NaN,1.92 GHz,NaN,Wi-Fi,NaN,NaN,NaN,NaN,NaN,NaN,NaN,NaN,802.11bgn
£430.08,4 ratings,5.0 out of 5 stars,Lenovo,Windows 10 Pro,Intel,14 Inches,8 GB,2,NaN,NaN,Core i5 6200U,NaN,512 GB,NaN,8 Kilograms,NaN,NaN,NaN,NaN,NaN,NaN,NaN,NaN,NaN,NaN,NaN,"Bluetooth, Wi-Fi",NaN,NaN,NaN,NaN,NaN,NaN,NaN
"£1,446.82",96 ratings,4.4 out of 5 stars,Microsoft,Windows 10 Home,Intel,34.39 Centimetres,8 GB,4,Intel,NaN,Core i7,Burgundy,NaN,NaN,1.28 Kilograms,NaN,NaN,NaN,NaN,NaN,NaN,NaN,NaN,NaN,NaN,NaN,NaN,NaN,NaN,NaN,NaN,NaN,NaN,NaN
"£1,500.00",12 ratings,3.7 out of 5 stars,Dell,Windows 10 Home,Intel,15.6 Inches,16 GB,1,Intel,XPS 15 7590,Core i7,NaN,512 GB,NaN,NaN,NaN,NaN,NaN,NaN,NaN,NaN,NaN,NaN,NaN,NaN,NaN,NaN,NaN,NaN,NaN,NaN,NaN,NaN,NaN
£399.99,212 ratings,3.8 out of 5 stars,TECLAST,Windows 10,Intel,14.1 Inches,8 GB,4,Intel,F7 Plus,Celeron N,NaN,256 GB,NaN,NaN,NaN,NaN,NaN,NaN,NaN,NaN,NaN,NaN,NaN,NaN,NaN,NaN,NaN,NaN,NaN,NaN,NaN,NaN,NaN
"£2,499.99",17 ratings,4.3 out of 5 stars,ASUS,Windows 10 Home,AMD,15.6 Inches,32 GB,8,NVIDIA,ROG Zephyrus Duo 15 SE,Ryzen 9,NaN,NaN,1920 x 1080,NaN,NaN,NaN,NaN,NaN,NaN,NaN,NaN,NaN,NaN,NaN,NaN,NaN,NaN,NaN,NaN,NaN,NaN,NaN,NaN
£730.47,45 ratings,4.4 out of 5 stars,Acer,Windows 10,Intel,15.6 Inches,8 GB,1,NVIDIA,Aspire 5,Core i7,NaN,NaN,1920 x 1080,NaN,NaN,NaN,NaN,NaN,NaN,NaN,NaN,NaN,NaN,NaN,NaN,NaN,NaN,NaN,NaN,NaN,NaN,NaN,NaN
£749.99,0,NaN,ASUS,Windows 10 Home,AMD,15.6 Inches,16 GB,8,Intel,VivoBook 15,Ryzen 7,NaN,NaN,1920 x 1080,NaN,NaN,NaN,NaN,NaN,NaN,NaN,NaN,NaN,NaN,NaN,NaN,NaN,NaN,NaN,NaN,NaN,NaN,NaN,NaN
£359.00,136 ratings,3.9 out of 5 stars,CHUWI,Windows 10,Intel,13.3 Inches,8 GB,2,Intel,NaN,Core_m,NaN,256 GB,1920 x 1080,NaN,NaN,NaN,NaN,NaN,NaN,NaN,NaN,NaN,NaN,NaN,NaN,NaN,NaN,NaN,NaN,NaN,NaN,NaN,NaN
£667.69,218 ratings,4.6 out of 5 stars,HUAWEI,Windows 10 Home,Intel,13 Inches,8 GB,8,NVIDIA,Matebook 13 2020,Core i5-10210U,Grey,NaN,NaN,NaN,NaN,NaN,NaN,NaN,NaN,NaN,NaN,NaN,NaN,NaN,NaN,NaN,NaN,NaN,NaN,NaN,NaN,NaN,NaN
"£1,399.98",12 ratings,4.3 out of 5 stars,Razer,Windows 10 Home,Intel,13.4 Inches,256 GB,4,Intel,Book 13,Core i7,NaN,16 GB,NaN,NaN,NaN,NaN,NaN,NaN,NaN,NaN,NaN,NaN,NaN,NaN,NaN,NaN,NaN,NaN,NaN,NaN,NaN,NaN,NaN
£567.08,0,NaN,HP,Windows,Intel,14 Inches,8 GB,2,NaN,NaN,Core i7,NaN,256 GB,NaN,1480 Grams,NaN,Ssd,NaN,NaN,NaN,NaN,NaN,NaN,NaN,NaN,NaN,NaN,NaN,NaN,NaN,NaN,NaN,NaN,NaN
£368.00,10 ratings,3.6 out of 5 stars,XINYANGCH,Windows 10 Home,Intel,15.6 Inches,6 GB,4,Intel,NaN,Celeron,NaN,256 GB,1920 x 1080,NaN,NaN,NaN,NaN,NaN,NaN,NaN,NaN,NaN,NaN,NaN,NaN,NaN,NaN,NaN,NaN,NaN,NaN,NaN,NaN
£419.99,11 ratings,4.1 out of 5 stars,TECLAST,Windows 10,Intel,14.1 Inches,8 GB,4,Intel,NaN,Celeron,NaN,256 GB,1920 x 1080,NaN,NaN,NaN,NaN,NaN,NaN,NaN,NaN,NaN,NaN,NaN,NaN,NaN,NaN,NaN,NaN,NaN,NaN,NaN,NaN
£279.00,167 ratings,4.1 out of 5 stars,CHUWI,Windows 10 Home,Intel,10.1 Inches,6 GB,4,Intel,NaN,Celeron,NaN,128 GB,1920 x 1200,NaN,NaN,NaN,NaN,NaN,NaN,NaN,NaN,NaN,NaN,NaN,NaN,NaN,NaN,NaN,NaN,NaN,NaN,NaN,NaN
£399.99,212 ratings,3.8 out of 5 stars,TECLAST,Windows 10,Intel,14.1 Inches,8 GB,4,Intel,F7 Plus,Celeron N,NaN,256 GB,NaN,NaN,NaN,NaN,NaN,NaN,NaN,NaN,NaN,NaN,NaN,NaN,NaN,NaN,NaN,NaN,NaN,NaN,NaN,NaN,NaN
£368.00,10 ratings,3.6 out of 5 stars,XINYANGCH,Windows 10 Home,Intel,15.6 Inches,6 GB,4,Intel,NaN,Celeron,NaN,256 GB,1920 x 1080,NaN,NaN,NaN,NaN,NaN,NaN,NaN,NaN,NaN,NaN,NaN,NaN,NaN,NaN,NaN,NaN,NaN,NaN,NaN,NaN
£849.98,0,NaN,Lenovo,Windows 10 Home,AMD,13.3 Inches,8 GB,8,AMD,NaN,Ryzen 7 4700U,NaN,256 GB,1920 x 1080,NaN,NaN,NaN,NaN,NaN,NaN,NaN,NaN,NaN,NaN,NaN,NaN,NaN,NaN,NaN,NaN,NaN,NaN,NaN,NaN
£239.00,285 ratings,4.1 out of 5 stars,LincPlus,Windows,Intel,14 Inches,4 GB,2,Intel,LincPlus p3,Celeron N3350,NaN,64 GB,NaN,NaN,NaN,NaN,NaN,NaN,NaN,NaN,NaN,NaN,NaN,NaN,NaN,NaN,NaN,NaN,NaN,NaN,NaN,NaN,NaN
£229.99,715 ratings,4.2 out of 5 stars,Jumper,Windows 10,Intel,13.3 Inches,4 GB,2,Intel,Ezbook X3 464office,Celeron N3350,NaN,64 GB,NaN,NaN,NaN,NaN,NaN,NaN,NaN,NaN,NaN,NaN,NaN,NaN,NaN,NaN,NaN,NaN,NaN,NaN,NaN,NaN,NaN
£399.99,98 ratings,3.8 out of 5 stars,TECLAST,Windows 10,Intel Celeron Processor N4100,11.6 Inches,8 GB,4,Intel,F5,Celeron N,NaN,256 GB,NaN,NaN,NaN,NaN,NaN,NaN,NaN,NaN,NaN,NaN,NaN,NaN,NaN,NaN,NaN,NaN,NaN,NaN,NaN,NaN,NaN
£419.99,11 ratings,4.1 out of 5 stars,TECLAST,Windows 10,Intel,14.1 Inches,8 GB,4,Intel,NaN,Celeron,NaN,256 GB,1920 x 1080,NaN,NaN,NaN,NaN,NaN,NaN,NaN,NaN,NaN,NaN,NaN,NaN,NaN,NaN,NaN,NaN,NaN,NaN,NaN,NaN
